category,area_ha,centroid_lon,centroid_lat,bbox_min_lon,bbox_min_lat,bbox_max_lon,bbox_max_lat,ecosystem,province,canton,estimated_trees,log_area_ha,width_deg,height_deg,aspect_ratio_deg,rect_area_deg,center_x_utm,center_y_utm,min_x_utm,min_y_utm,max_x_utm,max_y_utm,width_utm,height_utm,aspect_ratio_utm,rect_area_utm,dist_to_ref_center,num_ecosystems,cluster,is_sensitive_ecosystem,operational_mission
MUNICIPAL,26780.43,-80.03658820853609,-3.415049651881976,-80.30151764650539,-3.619779947739512,-79.77165877056679,-3.210319356024439,"Manglar Jama Zapotillo, Bosque siempreverde estacional piemontano de Catamayo Alamor",EL ORO,SANTA ROSA,10712172,10.195426675875067,0.5298588759386007,0.4094605917150731,1.2940411980190432,0.2169563288673029,607019.5530944909,9622476.31831913,577571.4927342612,9599870.361177184,636481.0186177772,9645077.58868558,58909.52588351595,45207.22750839777,1.30309972830277,2663136339.0279527,178026.2440106382,2,1,True,Medium Area - Standard Mission
MUNICIPAL,13780.47,-78.39478479659061,-2.757254521921176,-78.50839376923255,-2.8842218288623487,-78.28117582394866,-2.6302872149800027,"Bosque siempreverde montano bajo del Sur de la Coordillera Oriental de los Andes, Bosque siempreverde montano del sur de la Coordillera Oriental de los Andes, Bosque siempreverde piemontano del Sur de la Coordillera Oriental de los Andes",MORONA SANTIAGO,SANTIAGO,5512188,9.53100765138811,0.2272179452838969,0.2539346138823459,0.8947891778723136,0.0576985012028063,789661.8943925739,9694921.214928092,776991.9878021481,9680900.92865057,802334.2200883836,9708942.80692145,25342.23228623555,28041.87827088125,0.9037280613456652,710643792.883014,165614.22835877177,3,1,False,Medium Area - Standard Mission
MUNICIPAL,25496.03,-79.49782476003298,-3.5138629553397047,-79.62949796666763,-3.690840322064737,-79.36615155339832,-3.3368855886146727,"Bosque siempreverde montano del Catamayo Alamor,Bosque siempreverde montanp alto Catamayo Alamor",EL ORO,ZARUMA,10198412,10.14627803275168,0.2633464132693035,0.3539547334500641,0.7440115575186814,0.0932127095137667,666861.442826159,9611473.591668168,652202.8631139267,9591928.390798869,681524.8415184318,9631019.016665488,29321.978404505066,39090.62586661987,0.750102556673129,1146214487.4796147,182288.39288339645,2,1,False,Medium Area - Standard Mission
MUNICIPAL,68060.52,-77.51636247415951,-0.2440462800250469,-77.77566520011726,-0.4686547563768723,-77.25705974820175,-0.0194378036732216,"Bosque siempreverde montano bajo del norte de la coordillera oriental de los Andes,Bosque siempreverde de tierras bajas de Napo Curaray,Bosque siempreverde piemontano del norte de la Coordillera oriental de los Andes",NAPO,EL CHACO,27224208,11.128152588343092,0.518605451915505,0.4492169527036507,1.1544654484648635,0.2329663607649828,219903.71884555745,9972999.340452172,191026.54466811905,9948138.304587176,248780.3533185036,9997849.859318413,57753.80865038454,49711.55473123677,1.161778362447658,2871031619.660967,472122.20440494205,3,-1,False,Outlier / Not Recommended
MUNICIPAL,13981.05,-77.99394853675705,-0.4889564397075041,-78.24763431276698,-0.6048910330602163,-77.74026276074711,-0.3730218463547919,"Bosque siempreverde montano del norte de la coordillera oriental de los Andes, Haerbazal de paramo, Bosque siempreverde montano alto del norte de la Coordillera oriental de los Andes",NAPO,QUIJOS,5592420,9.545458120263598,0.5073715520198618,0.2318691867054244,2.1881801417463294,0.1176438291243142,166707.82570270103,9945881.245400175,806371.0594871992,9933063.608839782,194966.69695183012,9958722.355405431,-611404.362535369,25658.74656564929,-23.828302016664537,-15687869587.427391,513014.8898174928,3,-1,True,Outlier / Not Recommended
PROVINCIAL,4459.96,-78.2752227412472,0.8365791727838242,-78.31738171152594,0.8041382422018012,-78.23306377096849,0.8690201033658472,"Bosque siempreverde montano bajo,montano y piemontano de la Coordilleraa Occidental de los Andes",CARCHI,"MIRA,TULCAN",1783984,8.402895076364251,0.0843179405574545,0.064881861164046,1.2995610444143344,0.005470704912887,803282.4468877193,10092572.55285696,798588.8533232309,10088979.651289554,807976.0317332943,10096165.758579468,9387.17841006338,7186.107289914042,1.3062953322777848,67457271.20428017,333150.65820622945,2,-1,False,Outlier / Not Recommended
MUNICIPAL,9909.24,-78.55885108845038,-0.2212495350533271,-78.6173200056639,-0.3560249926305276,-78.50038217123685,-0.0864740774761265,"Herbazal de paramo, Arbustal siempreverde montano del norte de los Andes, Herbazal humedo subnival del paramo,Arbustal siempreverde, Bosque siempreverde del paramo",PICHINCHA,DISTRITO METROPOLITANO DE QUITO,3963696,9.201222934171383,0.1169378344270484,0.2695509151544011,0.4338246595313569,0.0315207002859847,771719.5152516778,9975522.914913338,765204.5036203689,9960614.256138822,778233.4347849832,9990432.85176884,13028.931164614274,29818.59563001804,0.436939798449051,388504429.88897306,215417.48932736705,5,-1,True,Outlier / Not Recommended
MUNICIPAL,84416.38,-78.75934401242338,-3.33447208286484,-78.9541963605137,-3.564575096422738,-78.56449166433306,-3.1043690693069403,"Bosque siempreverde montano del Sur de la Coordillera Oriental de los Andes, Herbazal de Paramo, Bosque siempreverde montano bajo del Sur de la Coordillera Oriental de los Andes",MORONA SANTIAGO,GUALAQUIZA,33766552,11.343516737583167,0.3897046961806438,0.4602060271157975,0.8468048490720463,0.179344449977663,748973.0819309979,9631153.200124923,727257.4934671633,9605749.91634154,770697.6604132698,9656558.858269889,43440.16694610648,50808.94192834757,0.8549709027077628,2207148919.7224474,186780.929956828,3,-1,True,Outlier / Not Recommended
PROVINCIAL,2542827.72,-76.89453116155144,-1.808293607810323,-78.17870136817831,-2.6145082714464314,-75.61036095492457,-1.002078944174214,"Bosque siempreverde de tierras bajas del Tigre Pastaza, Bosque siempreverde piemontano del Norte de la coordillera oriental de los Andes, Bosque siempreverde de tierras bajas de Napo Curaray",PASTAZA,"PASTAZA, MERA,SANTA CLARA, ARAJUNO",1017131088,14.748787295353544,2.568340413253736,1.6124293272722174,1.5928390585687346,4.1412674047487705,289251.8085625948,9800018.579411894,813742.425997146,9710663.690273082,432091.1327960815,9889233.728682024,-381651.2932010646,178570.03840894252,-2.1372638803327373,-68151486085.73669,367366.6986902436,3,-1,False,Outlier / Not Recommended
MUNICIPAL,41456.85,-78.56501662067235,0.142571225709015,-78.6817468759882,0.0077907121030289,-78.44828636535651,0.277351739315001,"Bosque siempreverde montano de coordillera occidental de los Andes, Bosque siempreverde montano bajo de coordillera occidental de los Andes,Bosque siempreverde piemontano de coordillera occidenral de los Andes",PICHINCHA,DISTRITO METROPOLITANO DE QUITO,16582740,10.632408406258255,0.2334605106316871,0.2695610272119721,0.8660766438689462,0.0629318550593091,771034.0003708125,10015772.742037548,758034.4175008283,10000861.81787048,784033.0738455576,10030686.334818237,25998.65634472936,29824.516947757453,0.8717209532771113,775397366.7723026,250044.93190288704,3,0,False,Large Area - Multiple Missions or Multi-Robot
MUNICIPAL,14338.01,-78.72729063521038,-2.65920617417965,-78.87910296097402,-2.7994152061799324,-78.57547830944672,-2.5189971421793675,"Arbustal siempreverde montano,Herbazal de paramo y Bosque siempreverde montano alto del Sur de la Coordillera Oriental de los Andes",CANAR,AZOGUES,5735204,9.570669331859987,0.3036246515273006,0.2804180640005649,1.0827571024238007,0.0851418369641318,752691.5755487442,9705843.090406029,735776.9396841566,9690364.83502899,769610.3122390138,9721322.503152084,33833.372554857284,30957.668123094365,1.092891506567207,1047402319.0382812,130076.31002911452,2,1,True,Medium Area - Standard Mission
MUNICIPAL,15681.03,-78.15957355061353,-2.1988577312085864,-78.25096529960659,-2.326335287983213,-78.06818180162047,-2.07138017443396,"Bosque siempreverde montano bajo del Sur de la Coordillera Oriental de los Andes, Bosque siempreverde montano del Sur de la Coordillera Oriental de los Andes",MORONA SANTIAGO,MORONA,6272412,9.66020698052256,0.1827834979861222,0.2549551135492529,0.7169242253063789,0.0466015874839814,815967.1162340982,9756658.270883769,805766.0509818844,9742570.71409398,826169.1688984507,9770747.425121829,20403.11791656632,28176.711027847603,0.7241128283709475,574892757.6021892,163602.3691603493,2,1,False,Medium Area - Standard Mission
MUNICIPAL,33741.31,-79.2692066935179,-3.4309493820868737,-79.39166397820702,-3.563729988042992,-79.14674940882877,-3.298168776130756,"Arbustal semideciduo del sur de los Valles,Arbustal desertico del sur de los Valles, Arbustal siempreverde montano del sur de los Andes",LOJA,SARAGURO,13496524,10.426478181665177,0.2449145693782526,0.2655612119122357,0.9222527894508205,0.0650398098590521,692280.301329905,9620598.614161516,678647.2062253692,9605939.77649924,705917.0115776244,9635257.56663828,27269.80535225512,29317.79013903998,0.9301453221039786,799490430.4498848,176523.88440945686,3,1,False,Medium Area - Standard Mission
MUNICIPAL,16439.91,-78.7594963778139,-2.917590133632143,-78.88731405988595,-3.0287394420953726,-78.63167869574185,-2.806440825168913,"Herbazal de paramo,Bosque siempreverde montano del sur y Arbustal siempreverde",AZUAY,GUALACEO,6575964,9.707467194142692,0.2556353641440978,0.2222986169264595,1.1499638033227295,0.0568273878867248,749054.5310100988,9677267.877248095,734816.1377413891,9665001.338808844,763296.0357056577,9689534.925432986,28479.897964268574,24533.586624141783,1.160853421091001,698714043.7531023,148520.379339273,2,1,True,Medium Area - Standard Mission
MUNICIPAL,174.39,-79.56225083209863,-4.352621678382947,-79.56804467337784,-4.362567614196039,-79.55645699081941,-4.342675742569856,"Bosque siempreverde montano de Catamayo Alamor, Bosque semideciduo montano bajo de Catamayo Alamor",LOJA,CALVAS,69756,5.161294170387103,0.011587682558428,0.0198918716261831,0.5825335188993456,0.0002305006938972,659543.802287647,9518743.296083111,658898.6504298057,9517644.788325928,660188.9678929513,9519841.80418213,1290.317463145591,2197.015856202692,0.5873045747494879,2834847.9260660964,274743.5890062831,2,-1,False,Outlier / Not Recommended
MUNICIPAL,177.33,-79.54569859407074,-4.349334982498901,-79.5528779991485,-4.357901196292583,-79.53851918899298,-4.340768768705218,"Bosque siempreverde montano del Catamayo Alamor,Bosque semideciduo montano bajo del Catamayo Alamor",LOJA,CALVAS,70932,5.178012403510027,0.014358810155528,0.0171324275873647,0.8381071067833176,0.0002460012752303,661381.6573914753,9519103.192537723,660582.9840495624,9518157.543555684,662180.3476958483,9520048.839733578,1597.3636462859577,1891.296177893877,0.8445867257363765,3021087.7589272587,274409.8525182673,2,-1,False,Outlier / Not Recommended
MUNICIPAL,7043.04,-79.11127091502443,-3.529615216017388,-79.18000696124965,-3.6283979793413774,-79.04253486879922,-3.430832452693396,Arbustal siempreverde montano del Sur de los Andes y Herbazal de Páramo,AZUAY,ONA,2817216,8.859795174127408,0.1374720924504231,0.1975655266479812,0.6958303611314647,0.0271597463443678,709810.222585469,9609653.557816016,702150.3667450675,9598744.386945149,717471.3776364967,9620563.006214133,15321.010891429149,21818.619268985465,0.7021989202225467,334283303.4560722,191374.7794020245,1,-1,True,Outlier / Not Recommended
MUNICIPAL,11327.29,-78.22643681167511,-1.9293748566088809,-78.48912109938247,-2.006276493536506,-77.96375252396777,-1.8524732196812552,"Bosque siempreverde montano bajo del Sur de la Coordillera Oriental de los Andes, Bosque siempreverde piemontano de la Coordillera del Condor Kutuku,Herbazal de paramo",MORONA SANTIAGO,PABLO SEXTO,4530916,9.33497013741566,0.5253685754147028,0.1538032738552508,3.4158477828846228,0.0808034068794505,808575.4220585199,9786493.695196304,779317.6304946422,9778030.887471098,170231.97650682396,9794969.436599676,-609085.6539878182,16938.549128578976,-35.95854930456373,-10317027273.585314,152175.2997513695,3,-1,True,Outlier / Not Recommended
MUNICIPAL,4772.22,-78.75767511694906,-2.7483907538990726,-78.87595708358184,-2.845094071041521,-78.6393931503163,-2.651687436756624,"Herbazal del paramo y Bosque siempreverde montano, montano alto del Sur coordillera Oriental de los Andes",AZUAY,PAUTE,1908888,8.470566884418542,0.2365639332655433,0.193406634284897,1.223142799196489,0.0457530341260857,749293.3078639099,9695983.905358704,736117.5959135359,9685311.71389313,762471.503768842,9706656.508743811,26353.907855306054,21344.79485068284,1.234676090337862,562518756.6853067,134547.8013676664,2,1,True,Medium Area - Standard Mission
MUNICIPAL,19482.25,-79.80311958711138,-4.292011133499351,-79.884246530268,-4.468116330322542,-79.72199264395478,-4.115905936676159,"Bosque semideciduo piemontano del Catamayo Alamor, Bosque semideciduo montano bajo del Catamayo Alamor",LOJA,SOZORANGA,7792900,9.877259073606693,0.1622538863132234,0.3522103936463834,0.4606731907390897,0.0571475051690359,632821.4291903866,9525491.075254438,623788.3935964755,9506034.947878886,641857.6130838699,9544947.30859729,18069.21948739444,38912.36071840488,0.4643568047221444,703115986.5935233,269028.9897472761,2,1,False,Medium Area - Standard Mission
PROVINCIAL,63472.81,-80.5052876704361,-2.102159999830388,-80.76755517293682,-2.500504541583932,-80.2430201679354,-1.7038154580768436,"Bosque bajo y Arbustal deciduo de tierras bajas de Jama Zapotillo, Bosque semideciduo de tierras bajas de Jama Zapotillo,Bosque siempreverde estacional piemontano de coordillera costera del Pacifico Ecuatorial",SANTA ELENA,SANTA ELENA,25389124,11.058366904205345,0.5245350050014252,0.7966890835070886,0.6583936132700438,0.4178913124019716,555012.9828411466,9767638.39961509,525840.8972955471,9723615.069519732,584198.3727658135,9811660.103241796,58357.47547026642,88045.03372206353,0.6628139374048732,5138085895.714102,104781.36138612247,3,-1,False,Outlier / Not Recommended
MUNICIPAL,42169.16,-80.24368977544606,-0.215338350776561,-80.3797254551643,-0.3676067128581343,-80.10765409572781,-0.0630699886949876,"Bosque semideciduo de tierras bajas de Jama Zapotillo, Bosque siempreverde estacional de tierras bajas de Jama Zapotillo,Bosque deciduo de tierras bajas de Jama Zapotillo",MANABI,JAMA,16867664,10.649444427168271,0.2720713594364952,0.3045367241631467,0.8933942508600263,0.0828557205414042,584160.262341197,9976196.55331806,569020.9731174352,9959366.01039514,599299.7392268506,9993028.019966217,30278.76610941533,33662.0095710773,0.8994937169594954,1019244114.5755498,196546.3988457759,3,-1,False,Outlier / Not Recommended
MUNICIPAL,88035.86,-79.8918113021918,0.0893975432205806,-80.15880705371147,-0.1162519160087638,-79.62481555067214,0.2950470024499252,"Bosque siempreverde estacional piemontano de Coordillera Costera del Choco, Bosque siempreverde estacional piemontano de Coordillera Costera de Pacifico Ecuatorial",MANABI,PEDERNALES,35214344,11.385499510454778,0.5339915030393314,0.411298918458689,1.298305144448515,0.2196301276662067,623321.2482557257,10009882.975640628,593606.9080999995,9987149.2759,653036.3756682326,10032621.020418284,59429.46756823303,45471.74451828189,1.3069537621178826,2702361566.120212,218950.00473027275,2,-1,False,Outlier / Not Recommended
MUNICIPAL,50512.64,-80.37837850055004,-0.4277846164755876,-80.49317661191004,-0.6355199465246238,-80.26358038919003,-0.2200492864265513,"Bosque semideciduo de tierras bjas de Jama Zapotillo, Bosque deciduo de tierras bajas de Jama Zapotillo, Bosque deciduo de Coordillera Costera del Pacifico Ecuatorial",MANABI,SAN VICENTE,20205056,10.829978880974098,0.2295962227200192,0.4154706600980725,0.5526171742505367,0.0953904942095104,569170.3602953757,9952714.136200711,556394.0479745511,9929753.1554976,581946.7360547428,9975675.918382457,25552.68808019173,45922.76288485527,0.5564274985862865,1173450035.7773125,181646.50338980145,3,-1,False,Outlier / Not Recommended
PROVINCIAL,1237395.42,-77.60517101386965,-2.747380425831673,-78.52189201252601,-3.5296980389703445,-76.68845001521329,-1.9650628126930016,"Bosque inundado e inundable, Bosque siempreverde tierras bajas y montano bajo, Herbazal inundado lacustre ripario de la lllanuria aluvial de la Amazonia, Arbustal y herbazal montano",MORONA SANTIAGO,"MORONA,GUALAQUIZA,LIMON INDAZA,SUCUA,HUAMBOYA",494958168,14.02851926076298,1.8334419973127185,1.5646352262773429,1.171801558183713,2.8686679343317683,210340.6351611821,9696013.766796893,775317.5463752644,9609490.629771776,312200.2350089246,9782705.755451566,-463117.3113663398,173215.12567979097,-2.673653986906809,-80218923292.80743,456738.113661234,4,-1,True,Outlier / Not Recommended
PROVINCIAL,32667.31,-78.10874164249017,0.8171376357463496,-78.2573239000927,0.6610058813258889,-77.96015938488765,0.9732693901668104,"Bosque siempreverde montano y montano bajo de la Coordillera Occidental de los Andes, Rosetal caulescente, herbazal de paramo",CARCHI,"MIRA, ESPEJO,TULCAN",13066924,10.39413016266826,0.2971645152050541,0.3122635088409214,0.9516466248536074,0.0927936342209415,821829.6468332657,10090434.199551538,805288.3756536535,10073145.387837788,170508.06022091955,10107720.288741125,-634780.315432734,34574.90090333484,-18.35957005943261,-21947466501.47441,339854.87626809103,3,-1,False,Outlier / Not Recommended
PROVINCIAL,400512.62,-78.88464938403288,-4.177635077797023,-79.40915284981052,-5.014496915055805,-78.36014591825523,-3.34077324053824,"Bosque siempreverde montano, montano bajo del Sur de la coordillera oriental de los Andes,Bosque siempreverde montano de las coordilleras del condor Kutuku,Arbustal siempreverde y herbazal de páramo",ZAMORA CHINCHIPE,"EL PANGUI,YACUAMBI,YANTZAZA,CENTINELA DEL CONDOR",160205048,12.90050055560584,1.0490069315552972,1.6737236745175648,0.6267503691915652,1.7557477360771276,734817.4508374691,9537921.706001349,676370.9051154122,9445519.174858088,793357.5997709816,9630345.9438428,116986.6946555694,184826.76898471263,0.6329531988152913,21622272787.39004,267262.9518285539,4,-1,False,Outlier / Not Recommended
MUNICIPAL,31741.03,-78.52552237651838,-3.622596808506752,-78.68637985360209,-3.7175373106832255,-78.36466489943469,-3.527656306330278,"Bosque siempreverde montano bajo sobre mesetas de arenisca de las coordilleras del Condor Kutuku, Bosque ciempreverde piemontano de las coordilleras del Condor Kutuku, Bosque siempreverde montano bajo de las coordilleras del Condor Kutuku",ZAMORA CHINCHIPE,EL PANGUI,12696412,10.365365444719624,0.3217149541674047,0.1898810043529475,1.6942977185601398,0.0610875586126692,774886.2573588039,9599213.624585183,756979.6202207163,9588758.097568125,792798.0509512766,9609668.495407376,35818.43073056021,20910.397839251906,1.712948314322457,748977636.5537003,227457.40947552983,3,1,False,Medium Area - Standard Mission
MUNICIPAL,1059.86,-78.66943587519111,-4.21529127981475,-78.72136818380775,-4.413798230769524,-78.61750356657446,-4.016784328859974,"Bosque siempreverde piemontano de las coordilleras del Condor Kutuku, Bosque ciempreverde montano bajo de las coordilleras del Condor Kutuku, Bosque siempreverde piemontano  sobre afloramiento de roca caliza de las coordilleras amazonicas",ZAMORA CHINCHIPE,NANGARITZA,423943,6.965892102912625,0.1038646172332988,0.39701390190955,0.2616145592688775,0.0412356969581338,758707.6447716686,9533688.315877788,752874.0239418183,9511745.865986338,764541.3249810939,9555631.900237773,11667.301039275597,43886.03425143473,0.265854530678946,512031573.0314488,279143.3138878938,3,-1,False,Outlier / Not Recommended
MUNICIPAL,31945.98,-79.14341275896896,-4.872853084032865,-79.39762063761918,-5.01720102453643,-78.88920488031874,-4.7285051435293,"Bosque siempreverde montano del sur de la coordillera oriental de los Andes,Bosque siempreverde montano bajo del sur de la coordillera oriental de los Andes",ZAMORA CHINCHIPE,CHIINCHIPE,12778392,10.371801630293268,0.5084157573004404,0.28869588100713,1.7610772753865738,0.1467775349717578,705885.7068467666,9461106.875686824,677649.0336619569,9445217.034881745,734137.1637199998,9476990.560962925,56488.13005804294,31773.526081178337,1.777836363320815,1794827073.6762214,336004.03511647345,2,-1,False,Outlier / Not Recommended
MUNICIPAL,8718.3,-78.76550238197505,-3.947330047148884,-78.85097321822633,-4.0633749930719,-78.68003154572378,-3.831285101225868,"Bosque siempreverde montano bajo de las coordilleras del Condor Kutuku,Bosque siempreverde piemontano del sur de la coordillera oriental de los Andes",ZAMORA CHINCHIPE,CENTINELA DEL CONDOR,3487319,9.073179543768672,0.1709416725025505,0.2320898918460319,0.7365321703860366,0.0396738342830967,748120.458468535,9563361.311014865,738591.532537264,9550550.246036427,757651.5679452701,9576172.857690182,19060.03540800605,25622.611653752625,0.7438755918237484,488367885.3661135,247656.24121960704,2,1,False,Medium Area - Standard Mission
MUNICIPAL,5755.79,-80.04072727190753,-3.799386579880709,-80.11314889325047,-3.8872021499045903,-79.96830565056459,-3.711571009856826,"Bosque siempreverde estacional piemontamo de Catamayo Alamor, Bosque deciduo de tierras bajas de Jama Zapotillo",EL ORO,LAS LAJAS,2302316,8.657961583672673,0.1448432426858801,0.1756311400477641,0.82470137027971,0.0254389838411361,606514.9663447435,9579988.361903273,598462.7319575956,9570289.090783188,614568.7491137558,9589687.34991849,16106.017156160204,19398.25913530216,0.8302815754661532,312428694.43281794,219269.74699672865,2,1,False,Medium Area - Standard Mission
PROVINCIAL,35.1,-79.2147674530125,-0.6012688026750279,-79.21951836016586,-0.6071354878470561,-79.21001654585913,-0.5954021175029997,Intervencion,SANTO DOMINGO DE LOS TSACHILAS,SANTO DOMINGO,14040,3.55820113050031,0.0095018143067306,0.0117333703440564,0.8098110958998903,0.0001114883062013,698673.1791104104,9933509.218749862,698144.0806476243,9932860.630539384,699202.2780098767,9934157.809861848,1058.197362252395,1297.1793224643916,0.8157679851396391,1372671.7374001676,146233.71249629703,1,2,False,Small Area - Short Mission (Low autonomy)
MUNICIPAL,56170.1,-78.98272575073058,-3.98533312228737,-79.19619029950788,-4.26953985839157,-78.76926120195328,-3.701126386183168,"Bosque siempreverde montano del sur de la coordillera oriental de los Andes,Bosque siempreverde montano bajo del sur de la coordillera oriental de los Andes",ZAMORA CHINCHIPE,ZAMORA,22468040,10.936139865834685,0.4269290975545914,0.5684134722084022,0.7510889830686029,0.242672250727805,723979.0771957121,9559219.694872571,700198.474345246,9527844.127292082,747773.6226932951,9590597.143001685,47575.14834804914,62753.01570960134,0.7581332595744764,2985484031.6717424,243759.79519736904,2,-1,False,Outlier / Not Recommended
MUNICIPAL,46231.61,-78.62961597932426,-3.71922824733085,-78.85359030132,-3.8888893061078416,-78.40564165732853,-3.5495671885538584,"Bosque siempreverde montano bajo del sur de la coordillera del condor Kutuku,Bosque siempreverde montano bajo del sur de la coordillera oriental de los Andes",ZAMORA CHINCHIPE,YANTZAZA,18492644,10.741419042246532,0.4479486439914666,0.3393221175539831,1.3201280420515882,0.1519988824346197,763287.5744608187,9588554.301864116,738350.9996810907,9569851.36244813,788235.4258977601,9607256.911679544,49884.42621666938,37405.54923141375,1.3336103129525592,1865954360.7284527,231044.2967523433,2,1,False,Medium Area - Standard Mission
MUNICIPAL,24244.92,-78.27879534615838,-0.2351706739568681,-78.3478829185851,-0.3842809986076527,-78.20970777373167,-0.0860603493060836,"Herbazal de paramo, Arbustal siempreverde montano del norte de los Andes, Bosque siempreverde montano alto del norte de la coordillera oriental de los Andes",PICHINCHA,DISTRITO METROPOLITANO DE QUITO,9697968,10.095962389884638,0.1381751448534345,0.2982206493015691,0.4633319145193598,0.0412066814155296,802914.0787277014,9973977.031345991,795213.7778539475,9957479.54744913,810612.9467615929,9990476.378216809,15399.168907645391,32996.830767676234,0.466686301362311,508123770.4084367,232383.3352887465,3,0,True,Large Area - Multiple Missions or Multi-Robot
MUNICIPAL,16142.72,-78.86203577610453,0.1730577167428459,-78.94763811954816,0.1045930666683102,-78.77643343266091,0.2415223668173815,"Bosque siempreverde piemontano de coordillera occidental de los Andes, Bosque siempreverde montano bajo de coordillera occidental de los Andes",PICHINCHA,DISTRITO METROPOLITANO DE QUITO,6457088,9.689224453027917,0.1712046868872505,0.1369293001490713,1.2503144721440191,0.0234429379577121,737956.4104082605,10019141.492248807,728425.2975849902,10011568.147410292,747487.6521090303,10026715.731123235,19062.35452404013,15147.58371294476,1.2584419327386611,288748610.9187291,239901.36583816685,2,0,False,Large Area - Multiple Missions or Multi-Robot
MUNICIPAL,126390.82,-78.69332983571697,0.3747358719776709,-79.01664137197989,0.2036631273098157,-78.37001829945405,0.545808616645526,"Bosque siempreverde montano de Coordillera Occidental de los Andes, Bosque siempreverde montano bajo de Coordillera Occidental de los Andes",IMBABURA,COTACACHI,50556328,11.747134131475184,0.6466230725258413,0.3421454893357103,1.889906752508648,0.2212391675651144,756739.0083775849,10041453.3936484,720741.1583693143,10022524.480596645,792741.4193130278,10060392.306440528,72000.26094371348,37867.82584388368,1.901357137337233,2726493342.130722,267453.226673593,2,-1,False,Outlier / Not Recommended
MUNICIPAL,7.88,-80.18420544982621,-3.4515818967176832,-80.18592626941363,-3.4532570946411782,-80.1824846302388,-3.4499066987941887,Manglar Jama Zapotillo,EL ORO,HUAQUILLAS,3152,2.064327903996692,0.0034416391748237,0.0033503958469895,1.0272332896672078,1.1530853598166234e-05,590617.000331752,9618453.02169593,590425.6834399841,9618268.00027094,590808.3178982392,9618638.04292703,382.6344582551392,370.0426560919732,1.0340279747613808,141591.07124504494,187028.5560157594,1,-1,True,Outlier / Not Recommended
MUNICIPAL,15929.69,-78.81298595244567,0.0783716315967864,-78.94090913882917,-0.0357347962418791,-78.68506276606219,0.192478059435452,"Bosque siempreverde montano bajo de coordillera occidental de los Andes, Bosque siempreverde piemontano de coordillera occidental de los Andes",PICHINCHA,DISTRITO METROPOLITANO DE QUITO,6371876,9.675939942576704,0.2558463727669817,0.228212855677331,1.121086587723327,0.0583874313438398,743419.1966876633,10008668.77708532,729174.8842000001,9996047.6621,757663.6947036845,10021292.103128562,28488.81050368445,25244.441028561443,1.1285181744151598,719184096.734124,232066.18387729625,2,0,False,Large Area - Multiple Missions or Multi-Robot
MUNICIPAL,35059.29,-78.84319209355152,-3.136480032218932,-79.01570373992188,-3.288494048629892,-78.67068044718118,-2.984466015807972,"Herbazal de paramo,Bosque siempreverde montano alto del Sur de la Cordillera Oriental y Arbustal siempreverde",AZUAY,SIGSIG,14023716,10.464795907271911,0.3450232927406915,0.30402803282192,1.1348403908791642,0.1048967529696938,739698.2686570223,9653074.307101697,720485.4227241576,9636299.51643496,758917.1694128471,9669849.702899398,38431.74668868957,33550.186464438215,1.1455002412408188,1289392267.559591,163165.83476814954,2,1,True,Medium Area - Standard Mission
MUNICIPAL,9347.56,-78.64241870145761,-2.8500152742550107,-78.70259500957016,-2.938100110469584,-78.58224239334507,-2.7619304380404373,"Bosque siempreverde montano alto del Sur de la coordillera Oriental de los Andes,Herbazal de páramo y Arbustal siempreverde",AZUAY,EL PAN,3739024,9.14287062565934,0.1203526162250909,0.1761696724291468,0.6831630772903444,0.0212024809763651,762091.5552816382,9684716.847831888,755378.3962351913,9674986.259842984,768805.4094584745,9694447.91688052,13427.013223283226,19461.657037537545,0.6899213770638636,261311926.39001969,151539.68027199153,2,1,True,Medium Area - Standard Mission
MUNICIPAL,13841.57,-80.3998663602221,-4.101285712031563,-80.48060289546666,-4.2182433859673685,-80.31912982497755,-3.984328038095758,"Bosque deciduo piemontano del Catamayo Alamor, Bosque deciduo de tierras bajas de Jama Zapotillo, Bosque semideciduo piemontano del Catamayo Alamor",LOJA,ZAPOTILLO,5536628,9.53543166204434,0.1614730704891087,0.2339153478716102,0.6903055796382856,0.0377710294553569,566611.1913968972,9546651.98373903,557641.1607620503,9533729.696275076,575583.6845592316,9559573.710764728,17942.52379718132,25844.01448965259,0.6942622557484032,463706844.9952904,262698.0880822443,3,1,False,Medium Area - Standard Mission
MUNICIPAL,2985.55,-78.55401311374976,0.0537041565370218,-78.58567785887448,0.0091047495881288,-78.52234836862506,0.0983035634859149,"Bosque siempreverde montano de coordillera occidental de los Andes, Bosque siempreverde montano bajo de coordillera occidental de los Andes",PICHINCHA,DISTRITO METROPOLITANO DE QUITO,1194220,8.001539263460607,0.0633294902494157,0.0891988138977861,0.7099812965226686,0.0056489154149992,772260.2498192426,10005941.37260862,768733.6789003199,10001007.2485234,775786.7353616233,10010875.733121954,7053.056461303495,9868.48459855467,0.7147051191968992,69602979.06111005,241930.3766756907,2,-1,False,Outlier / Not Recommended
MUNICIPAL,61692.38,-77.22512637759279,0.1101358640983728,-77.39468637632592,-0.0736577748983,-77.05556637885965,0.2939295030950458,"Bosque siempreverde piemontano del norte de la coordillera oriental de los Andes, Bosque siempreverde de tierras bajas del Aguarico Putumayo Caqueta",SUCUMBIOS,CASCALES,24676952,11.02991570145627,0.3391199974662697,0.3675872779933458,0.922556401829152,0.1246561967817364,252336.9168989397,10012182.570027333,233453.4442596573,9991851.438664583,271220.50570557977,10032509.104307087,37767.061445922416,40657.66564250365,0.928903832748324,1535520556.568204,459599.0752214133,2,-1,False,Outlier / Not Recommended
MUNICIPAL,75665.08,-79.10388898355343,-4.567559086644115,-79.34465417692694,-4.812601080938297,-78.86312379017993,-4.322517092349934,"Bosque siempreverde montano del sur de la coordillera oriental de los Andes, Bosque siempreverde montano de las coordilleras del condor Kutuku",ZAMORA CHINCHIPE,PALANDA,30266032,11.234072038412592,0.4815303867470106,0.4900839885883625,0.9825466593011204,0.2359903325634717,710362.2404183166,9494859.48915773,683578.8161138427,9467827.901801703,737163.7122403407,9521889.44544899,53584.896126498,54061.54364728741,0.991183242493034,2896882200.778034,303419.36430383334,2,-1,False,Outlier / Not Recommended
PROVINCIAL,69954.19,-78.72824469405265,-0.1607340248014361,-78.87717363398343,-0.3559221665875537,-78.57931575412186,0.0344541169846814,"Bosque siempreverde montano de la coordillera Occidental de los Andes, Bosque siempreverde montano bajo de coordillera Occidental de los Andes,Herbazal de Paramo",SANTO DOMINGO DE LOS TSACHILAS,"DMQ, SAN MIGUEL DE LOS BANCOS, MEJIA",27981676,11.155595878228231,0.2978578798615672,0.3903762835722351,0.7630019845799615,0.1162766521730638,752855.2058694207,9982219.992147751,736267.3196401668,9960632.702833882,769442.2116903618,10003811.639402248,33174.89205019502,43178.93656836637,0.7683119290737409,1432456559.4977722,211893.9347166236,3,0,True,Large Area - Multiple Missions or Multi-Robot
PROVINCIAL,4187.09,-78.38988724573913,-0.017367580693349,-78.4284510479639,-0.0651923122199839,-78.35132344351436,0.0304571508332858,Bosque y arbustal semideciduo del norte de los valles,PICHINCHA,"DMQ, PEDRO MONCAYO",1674836,8.339761260892258,0.0771276044495437,0.0956494630532697,0.8063568908926589,0.0073772139521838,790541.3737028341,9998078.353444813,786245.5964245803,9992786.978007363,794837.0844885329,10003370.054895423,8591.488063952536,10583.076888060195,0.8118138188757393,90924378.76366112,244571.59954513275,1,-1,False,Outlier / Not Recommended
PROVINCIAL,39522.89,-78.33569510214679,-0.4480274216899798,-78.43614095110206,-0.5890218345822095,-78.2352492531915,-0.3070330087977501,"Herbazal de paramo, Arbustal siempreverde montano del norte de los Andes,Arbustal siempreverde,Herbazal inundable del paramo",PICHINCHA Y NAPO,"QUIJOS,DMQ, RUMINAHUI",15809156,10.584635276718506,0.2008916979105635,0.2819888257844594,0.7124101341225012,0.0566492140036461,796569.0329003126,9950425.55055112,785374.2212065315,9934829.694728268,807763.4065415501,9966023.809952034,22389.18533501856,31194.115223765373,0.7177374698533054,698410827.1068068,210326.6935554061,4,0,True,Large Area - Multiple Missions or Multi-Robot
PROVINCIAL,6986.33,-78.02135607802344,0.1351747577212417,-78.07778485486462,0.0772307510589546,-77.96492730118226,0.1931187643835288,"Herbazal de paramo, Arbustal siempreverde, Bosque siempreverde montano alto del norte de la coordillera oriental de los Andes",PICHINCHA,CAYAMBE,2794532,8.851710661583079,0.1128575536823603,0.1158880133245741,0.9738500943356728,0.0130788376849202,831597.9818643231,10014961.221743977,825311.1051606869,10008547.508087276,169931.35125534813,10021374.23136877,-655379.7539053387,12826.72328149341,-51.09486963446693,-8406374747.63703,282305.334089006,3,-1,True,Outlier / Not Recommended
MUNICIPAL,4615.65,-78.02668039835038,-1.4485988674890664,-78.05724613395354,-1.5070508331928338,-77.99611466274723,-1.390146901785299,"Bosque siempreverde montano bajo del norte de la coordillera oriental de los Andes, Bosque siempreverde piemontano del norte de la coordillera oriental de los Andes",PASTAZA,"PASTAZA,MERA",1846259,8.437207982089856,0.0611314712063091,0.1169039314075348,0.5229205720231956,0.007146509316744,830900.3603876935,9839668.756503796,827487.1008872084,9833203.885519592,166552.0741378803,9846135.039957946,-660935.026749328,12931.154438354077,-51.11183459296795,-8546652904.613242,180357.3439470152,2,-1,False,Outlier / Not Recommended
MUNICIPAL,2034.17,-79.02855442626122,-2.737103616619033,-79.07175491357579,-2.782831430936068,-78.98535393894666,-2.691375802301998,Herbazal de paramo y Bosque siempreverde montano alto de la Coordillera Occidental,AZUAY,CUENCA,813668,7.617843152270829,0.0864009746291287,0.0914556286340699,0.9447310676754864,0.0079018554493033,719167.280408231,9697285.38952546,714354.6088252148,9692235.915641123,723980.3032316818,9702334.949680142,9625.694406467024,10099.034039016811,0.9531302072334809,97210215.4600842,114766.12661898811,1,-1,True,Outlier / Not Recommended
MUNICIPAL,4.61,-79.19984231967592,-3.179989753872244,-79.29395257032174,-3.2465040198025013,-79.10573206903013,-3.1134754879419866,Bosque siempreverde montano del Sur de la Coordillera Oriental y Arbustal siempreverde montano del sur de los Andes,AZUAY,GIRON,1844,1.528227857225477,0.1882205012916102,0.1330285318605146,1.4148881991276745,0.025038696952873,700039.0294017079,9648337.59816494,689565.7518647185,9641000.040904064,710513.9224132199,9655674.9516412,20948.170548501424,14674.91073713638,1.427481974080325,307412532.90556765,151505.86004560912,1,-1,False,Outlier / Not Recommended
MUNICIPAL,1110.16,-79.18171079653476,-3.1071224733029745,-79.20307461912752,-3.134853546352608,-79.16034697394198,-3.079391400253341,Bosque siempreverde montano alto de la Coordillera Occidental y Herbazal de páramo,AZUAY,GIRON,444064,7.012259428063656,0.0427276451855362,0.0554621460992672,0.7703929151726042,0.0023697668997578,702068.5619507201,9656392.393878782,699688.3537448281,9653329.739271194,704448.8754528977,9659455.071600689,4760.521708069602,6125.332329494879,0.7771858655155446,29159777.523700915,144435.01397876203,1,-1,True,Outlier / Not Recommended
MUNICIPAL,0.66,-79.24236317169934,-3.246407794812474,-79.24297726872179,-3.2467654440823788,-79.24174907467687,-3.246050145542569,Intervencion,AZUAY,GIRON,264,-0.4155154424465143,0.0012281940449128,0.0007152985398097,1.717034580001855,8.785254069292055e-07,695299.8475163712,9641000.863507727,695231.5219986523,9640961.43123802,695368.173097086,9641040.2957617,136.65109843376558,78.86452367901802,1.732732184983563,10776.923788193528,157314.3679811961,1,-1,False,Outlier / Not Recommended
MUNICIPAL,32.25,-79.21513462695196,-3.1429881176164214,-79.22078399985018,-3.1460660586064684,-79.20948525405376,-3.139910176626375,Intervencion,AZUAY,GIRON,12900,3.473518043272789,0.0112987457964237,0.0061558819800935,1.835438690592536,6.95537456458626e-05,698346.1812440008,9652432.453252744,697717.6028155196,9652093.145070396,698974.7647218409,9652771.760108406,1257.1619063213002,678.6150380093604,1.8525405950436764,853128.9748421492,147098.11353620552,1,3,False,Special Configuration Required
MUNICIPAL,11.64,-79.20406460448089,-3.174325561668472,-79.20692784888593,-3.1772049755482774,-79.20120136007586,-3.171446147788667,Intervencion,AZUAY,GIRON,4656,2.454447442389202,0.0057264888100689,0.0057588277596103,0.9943842835251202,3.297786272452326e-05,699570.7707773946,9648964.806095652,699251.9405142134,9648646.930712214,699889.6028043601,9649282.681579046,637.6622901466908,635.7508668322116,1.0030065602946014,405394.3537069719,150770.89346878682,1,3,False,Special Configuration Required
MUNICIPAL,6.34,-79.19245503238355,-0.2465263325710195,-79.19390800960599,-0.2481602449853564,-79.19100205516109,-0.2448924201566827,Intervencion,SANTO DOMINGO DE LOS TSACHILAS,SANTO DOMINGO,2536,1.8468787686068635,0.0029059544448983,0.0032678248286737,0.8892623405445691,9.496150086033684e-06,701166.2450358124,9972737.774863504,701004.4609761132,9972557.110006696,701328.0291027392,9972918.43999337,323.5681266259635,361.3299866747111,0.895492039293051,116914.86688212062,184733.30465294505,1,2,False,Small Area - Short Mission (Low autonomy)
MUNICIPAL,54846.54,-78.76332494382893,-0.4632064897076323,-78.95485781287576,-0.6490325188052893,-78.5717920747821,-0.2773804606099753,"Bosque siempreverde montano de la coordillera occidental de los andes, Bosque siempreverde montano bajo de coordillera occidental de los Andes,Herbazal de paramo",PICHINCHA,MEJIA,21938616,10.91229438258334,0.3830657380936628,0.371652058195314,1.0307106569597952,0.1423671699866169,748941.5088133104,9948762.456809403,727607.2689546878,9928216.345899714,770277.0624873812,9969313.383408155,42669.79353269341,41097.037508443,1.0382693283895772,1753602105.2906196,180692.6965404557,3,0,True,Large Area - Multiple Missions or Multi-Robot
PROVINCIAL,35.17,-79.2540552435714,-0.0597108688105468,-79.25828520310144,-0.0648999262802571,-79.24982528404138,-0.0545218113408365,Intervencion,SANTO DOMINGO DE LOS TSACHILAS,SANTO DOMINGO,14068,3.560193446514325,0.0084599190600584,0.0103781149394206,0.8151690643504992,8.77980123834822e-05,694310.1102026802,9993397.068818728,693839.1833325344,9992823.270101251,694781.0366440574,9993970.87009894,941.8533115229802,1147.5999976862222,0.8207156791748983,1080870.8581245327,203459.1337261582,1,2,False,Small Area - Short Mission (Low autonomy)
PROVINCIAL,12.41,-79.27059060489646,-0.3670521168025124,-79.272618717049,-0.3697426259856261,-79.26856249274391,-0.3643616076193985,Intervencion,SANTO DOMINGO DE LOS TSACHILAS,SANTO DOMINGO,4964,2.518502599297096,0.0040562243050885,0.0053810183662276,0.753802212745462,2.1826617483220416e-05,692465.4656567802,9959411.09470648,692239.6310569008,9959113.62002237,692691.3002129282,9959708.569977852,451.6691560273757,594.9499554838985,0.7591716779930751,268720.5442719372,169780.48128575544,1,2,False,Small Area - Short Mission (Low autonomy)
MUNICIPAL,13.72,-79.15601168758178,-0.2375009963404432,-79.15766900223942,-0.2402791042616732,-79.15435437292415,-0.2347228884192132,Intervencion,SANTO DOMINGO DE LOS TSACHILAS,SANTO DOMINGO,5488,2.618854622370625,0.0033146293152697,0.0055562158424599,0.59656226696188,1.84167959133839e-05,705223.6489400574,9973735.309723724,705039.0955798107,9973428.11001105,705408.2020675248,9974042.509989168,369.1064877141034,614.3999781161547,0.6007592787441827,226779.01797407583,186717.6255702176,1,2,False,Small Area - Short Mission (Low autonomy)
PROVINCIAL,210777.47,-78.99396480604024,0.6903434121331063,-79.27320428941505,0.3034119480605222,-78.71472532266543,1.0772748762056903,"Bosque siempreverde de tierras bajas del Choco Ecuatorial, Bosque siempreverde piemontano de coordillera occidental de los Andes",ESMERALDAS,"ELOY ALFARO, QUININDE",84310988,12.258558211379556,0.5584789667496182,0.7738629281451681,0.7216768573816175,0.4321861685163475,723251.308176329,10076350.829103218,692175.7420402961,10033551.47868927,754317.0549993489,10119166.775306102,62141.312959052855,85615.2966168318,0.725820214548381,5320246941.148684,290635.31698767794,2,-1,False,Outlier / Not Recommended
PROVINCIAL,31.88,-79.32286368585642,-0.1478326558526671,-79.3268837297414,-0.1504374640256917,-79.31884364197144,-0.1452278476796425,Intervencion,SANTO DOMINGO DE LOS TSACHILAS,SANTO DOMINGO,12752,3.461978853953382,0.008040087769956,0.0052096163460491,1.5433163773637553,4.188577267003304e-05,686649.4997809671,9983652.99944522,686201.9565889693,9983365.000003329,687097.0436195807,9983940.999996755,895.0870306113502,575.9999934267253,1.55397055698693,515570.1237484848,192547.87015080216,1,2,False,Small Area - Short Mission (Low autonomy)
MUNICIPAL,253.03,-79.25208830849934,-1.5896576098630573,-79.25962685518967,-1.60262750034019,-79.24454976180901,-1.5766877193859246,Bosque siempreverde piemontano de Coordillera Occidental de los Andes e Intervencion,BOLIVAR,CALUMA,101212,5.5335080587768655,0.0150770933806541,0.0259397809542654,0.5812343915317646,0.0003910964997211,694454.7755791254,9824212.315876372,693614.6402073711,9822778.785753684,695294.9149224233,9825645.854344407,1680.274715052219,2867.0685907248408,0.586060173268067,4817462.859315349,48796.01144332104,1,3,False,Special Configuration Required
MUNICIPAL,29315.12,-78.94299477052165,-3.478874261299572,-79.06903617185209,-3.61586206739086,-78.81695336919121,-3.341886455208284,"Herbazal de paramo,Bosque siempreverde montano del Sur de la coordillera oriental de los Andes,Arbustal siempreverde",ZAMORA CHINCHIPE,YACUAMBI,11726048,10.28585870285748,0.2520828026608797,0.2739756121825758,0.9200921196328998,0.0690645401797139,728523.2649799667,9615226.123138092,714483.6015233616,9600105.271782856,742566.7913389931,9630347.453983195,28083.18981563149,30242.18220034056,0.9286099008858664,849296943.1710756,192223.3428784641,3,1,True,Medium Area - Standard Mission
MUNICIPAL,73745.68,-79.3104441518565,-4.091332039055122,-79.49554486750932,-4.510776575396933,-79.12534343620369,-3.6718875027133113,"Bosque siempreverde montano del Sur de la Coordillera Oriental de los Andes, Bosque estaciional montano bajo y piemontano, Arbustal Semideciduo del sur de los valles y Herbazal de páramo",LOJA,LOJA,29498271,11.208377696215235,0.370201431305631,0.8388890726836213,0.4412996222254395,0.3105579354141301,687556.4333009191,9547579.828240026,666912.1790227015,9501240.952641442,708214.0674804521,9593922.324305886,41301.88845775067,92681.37166444398,0.445633116083835,3827915674.596199,247836.80616523352,3,-1,True,Outlier / Not Recommended
MUNICIPAL,54539.32,-78.7377428576941,1.0123743193249075,-78.98389415698101,0.7848985134823859,-78.4915915584072,1.2398501251674294,"Bosque siempreverde de tierras bajas del Choco Ecuatorial, Bosque siempreverde piemontano de Coordillera Occidental de los Andes",ESMERALDAS,SAN LORENZO,21815728,10.906677188408414,0.492302598573815,0.4549516116850435,1.0820988097356827,0.2239738606578921,751759.3708209647,10111985.747339,724367.7942970592,10086809.015635556,779147.8491171962,10137173.18926508,54780.05482013698,50364.17362952232,1.0876790161017371,2758952192.39613,332437.5697036876,2,-1,False,Outlier / Not Recommended
MUNICIPAL,30.89,-79.24284750149185,-1.6462907353880207,-79.2456013792661,-1.6513610416804003,-79.2400936237176,-1.641220429095641,Intervencion,BOLIVAR,CALUMA,12356,3.4304325069628634,0.005507755548507,0.0101406125847594,0.5431382926162155,5.585201522896871e-05,695477.711755727,9817948.77089396,695170.7609899377,9817388.350770598,695784.6630055363,9818509.192229308,613.9020155986072,1120.8414587099105,0.5477152998111449,688086.8306684971,45975.57509730351,1,3,False,Special Configuration Required
MUNICIPAL,44.09,-79.25477856162307,-1.6028531299738358,-79.25833212010217,-1.6076703983560865,-79.25122500314397,-1.598035861591585,Intervencion,BOLIVAR,CALUMA,17636,3.786232999392527,0.0071071169581955,0.0096345367645014,0.7376707769397929,6.84737796233466e-05,694154.153877767,9822753.375942364,693758.2476985843,9822221.008172564,694550.0612957302,9823285.745025786,791.8135971458396,1064.7368532214314,0.7436706964255175,843073.1177630035,47652.75781711676,1,3,False,Special Configuration Required
PROVINCIAL,3917.19,-80.06244404714553,-3.8746066493879168,-80.10751381285267,-3.911079213513432,-80.01737428143839,-3.838134085262404,"Bosque siempreverde estacional piemontano de Catamayo Alamor,Bosque deciduo de tierras bajas de Jama Zapotillo","LOJA, EL ORO","PUYANGO, LAS LAJAS",1566876,8.273129838999768,0.0901395314142803,0.0729451282510278,1.235716933259258,0.0065752396795022,604094.272490813,9571675.444935216,599085.6214901337,9567648.857207889,609103.3747139763,9575701.866684834,10017.753223842592,8053.009476946667,1.2439763361162244,80673061.64931741,227916.2040182232,2,1,False,Medium Area - Standard Mission
MUNICIPAL,54468.77,-77.229197722544,-0.5072518604981515,-77.38702283035644,-0.644353206049446,-77.07137261473157,-0.3701505149468569,"Bosque siempreverde de tierras bajas del Napo Curaray, Bosque siempreverde piemontano del Norte de la Coordillera Oriental de los Andes,Bosque inundado de palmas de la llanura aluvial de la Amazonia",ORELLANA,LORETO,21787508,10.9053827888854,0.3156502156248706,0.2742026911025891,1.151156515658039,0.086552138571452,251892.74675451257,9943890.667535838,234323.4426469131,9928717.315722112,269462.3084954148,9959060.310298622,35138.86584850168,30342.99457651004,1.158055305315949,1066218415.8658004,431719.6744766807,3,-1,False,Outlier / Not Recommended
MUNICIPAL,6589.36,-78.71493302558136,-3.0015870867182097,-78.75952613977768,-3.060855748335067,-78.67033991138504,-2.942318425101353,"Herbazal de paramo,Arbustal siempreverde  y Bosque siempreverde montano alto del sur de la Coordillera oriental de los Andes",AZUAY,CHORDELEG,2635744,8.793211505936856,0.0891862283926343,0.1185373232337139,0.7523894180097273,0.0105718967829735,753991.6584956122,9667966.07450783,749018.8877988097,9661420.166236969,758964.8492481895,9674512.181762155,9945.9614493798,13092.015525188295,0.7596967350247616,130212681.70820464,158884.5685627211,2,1,True,Medium Area - Standard Mission
MUNICIPAL,26631.07,-79.24320307959465,-2.9835214585493275,-79.36571469649228,-3.072273060855102,-79.12069146269702,-2.894769856243553,Herbazal de paramo y Bosque siempreverde monrano alto de la Coordillera Occidental,AZUAY,CUENCA,10652428,10.189833858248653,0.2450232337952513,0.1775032046115487,1.3803876552599543,0.0434924092029418,695254.9447403306,9670072.402139364,681620.0595921174,9660279.39688302,708892.4473570262,9679865.163280468,27272.387764908723,19585.766397448257,1.3924595653535687,534150615.8641282,129322.94139861166,1,-1,True,Outlier / Not Recommended
MUNICIPAL,13460.63,-79.15264930914269,-3.3289358188616323,-79.24723120750639,-3.434701826738114,-79.05806741077899,-3.223169810985151,"Herbazal de paramo, Arbustal siempreverde y Bosque siempreverde montano del Sur de la Coordillera Oriental",AZUAY,NABON,5384252,9.50752440745264,0.1891637967273993,0.211532015752963,0.8942561018945596,0.0400141992292305,705254.8952807065,9631856.220242376,694721.6365645308,9620179.20299588,715790.2655479433,9643533.450654585,21068.62898341252,23354.24765870348,0.9021326351979456,492041979.107954,168791.03410047202,2,1,True,Medium Area - Standard Mission
MUNICIPAL,202.54,-78.75902187683923,-2.699774394173538,-78.76933377488571,-2.707513766960337,-78.74870997879275,-2.692035021386738,Herbazal de paramo,AZUAY,PAUTE,81016,5.310937397909076,0.0206237960929627,0.0154787455735991,1.3323944542214434,0.0003192304924847,749153.5054112668,9701361.998843385,748004.8662129504,9700508.005766263,750302.1627462007,9702215.994160216,2297.29653325025,1707.9883939512074,1.3450305291211089,3923755.816255771,130604.51610068754,1,3,True,Special Configuration Required
MUNICIPAL,1701.81,-78.21251413774593,0.9234155451413738,-78.24020739225882,0.8344941769571144,-78.18482088323303,1.0123369133256332,Bosque siempreverde montano bajo y piemontano de la Coordillera Occidental de los Andes,CARCHI,TULCAN,680724,7.439447669529935,0.0553865090257943,0.1778427363685188,0.3114353155227505,0.0098500883230469,810260.5513197501,10102186.95513425,807183.023063943,10092344.556162205,813337.2551004607,10112029.848051189,6154.2320365177,19685.29188898392,0.3126309770372953,121147853.99138688,344861.63916157995,1,-1,False,Outlier / Not Recommended
MUNICIPAL,23.01,-79.4680466379023,-1.4405686454381126,-79.47621791474975,-1.4514732305635427,-79.45987536105486,-1.429664060312683,Intervencion,LOS RIOS,VENTANAS,9204,3.135928904090734,0.0163425536948977,0.0218091702508598,0.7493431780106494,0.0003564175358658,670434.9556364513,9840716.252058895,669524.8481292018,9839511.141086118,671345.0691540588,9841921.368907137,1820.221024857019,2410.227821016684,0.7552070426638993,4387147.354509889,49240.77589400362,1,3,False,Special Configuration Required
MUNICIPAL,15166.4,-80.0683863819911,-3.559764237160114,-80.20829146512723,-3.726414110121876,-79.92848129885498,-3.393114364198352,"Bosque semideciduo de tierras bajas de Jama Zapotillo,Bosque siempreverde estacional de tierras bajas de Jama Zapotillo y Manglar",EL ORO,ARENILLAS,6066560,9.626837733698842,0.2798101662722558,0.333299745923524,0.8395150877100982,0.0932606573253619,603471.1465108667,9606481.781165076,587915.114925959,9588073.97137517,619032.5140047006,9624888.630282354,31117.39907874156,36814.65890718438,0.8452448020010896,1145576433.1626036,194379.2472790939,2,1,True,Medium Area - Standard Mission
MUNICIPAL,31901.55,-79.39995912847259,-3.994684253443911,-79.57662375705912,-4.187482482480868,-79.22329449988605,-3.8018860244069534,"Arbustal semideciduo del sur de los Valles, Bosque siempreverde montano de Catamayo Alamor,Bosque semodeciduo montano bajo del Catamayo Alamor",LOJA,CATAMAYO,12760620,10.370409876934236,0.3533292571730726,0.3855964580739144,0.9163187287084072,0.136242510099824,677637.838337501,9558287.362724245,657982.324740498,9537005.788119018,697302.210537326,9579568.285686493,39319.88579682808,42562.49756747298,0.9238152844412992,1673552543.5808103,236125.9483580273,3,1,False,Medium Area - Standard Mission
MUNICIPAL,17560.49,-79.64424527457088,-1.3087157074660605,-79.72209274554633,-1.3943305855715706,-79.56639780359542,-1.2231008293605503,"Herbazal inundable ripario de tierra bajas de Jama Zapotillo, Bosque siempreverde estacional inundable de llanura aluvial de Jama Zapotillo",LOS RIOS,PALENQUE,7024196,9.773406771127863,0.1556949419509123,0.1712297562110203,0.9092750260635882,0.0266596069535436,650836.6240317096,9855306.57543774,642169.11239341,9845845.68663339,659504.669288205,9864767.801222652,17335.556894795038,18922.11458926276,0.9161532561815836,328025394.0319957,62100.21123616201,2,-1,True,Outlier / Not Recommended
PROVINCIAL,50.46,-80.03725555720294,0.3654352504728584,-80.04256577605734,0.3610707398020884,-80.03194533834854,0.3697997611436283,Intervencion,MANABI,PEDERNALES,20184,3.92118094323273,0.010620437708809,0.0087290213415398,1.2166812379741874,9.270602741668884e-05,607132.2628804981,10040397.321679384,606541.3480131797,10039914.780944051,607723.1774860194,10040879.864281723,1181.829472839716,965.0833376720548,1.2245879984719923,1140563.932207358,251825.0988081305,1,2,False,Small Area - Short Mission (Low autonomy)
MUNICIPAL,1935.38,-78.58952263702594,-3.3479728533563096,-78.61431326811768,-3.3713996330221696,-78.5647320059342,-3.324546073690449,"Bosque siempreverde piemontano de las coordilleras del Condor Kutuku, Bosque siempreverde montano bajo del sur de la coordillera Oriental de los Andes, Bosque siempreverde piemontano del Sur de la Coordillera Oriental de los Andes",MORONA SANTIAGO,GUALAQUIZA,774152,7.568058968612834,0.0495812621834801,0.0468535593317205,1.0582176003797286,0.0023230586094552,767850.0620856729,9629614.987835543,765087.420746671,9627030.030821169,770612.8405333894,9632199.968331331,5525.419786718325,5169.937510164455,1.0687594919385193,28566075.014759947,198076.08134370245,3,-1,False,Outlier / Not Recommended
MUNICIPAL,18333.62,-78.62553320936382,-0.034464425367666,-78.69656913846285,-0.1627406843215687,-78.55449728026481,0.0938118335862366,"Bosque siempreverde montano de coordillera occidental de los Andes, Bosque siempreverde montano bajo de coordillera occidental de los Andes,Bosque siempreverde montano alto de coordillera Occidental de los Andes",PICHINCHA,DISTRITO METROPOLITANO DE QUITO,7333448,9.816491811787944,0.1420718581980367,0.2565525179078053,0.5537730005648146,0.0364488929445469,764294.8304328788,9996187.349828431,756382.6933278011,9981997.620078454,772206.0808254493,10010378.54226918,15823.387497648248,28380.922190727662,0.5575360585998629,449082329.3644879,229566.56655654748,3,0,True,Large Area - Multiple Missions or Multi-Robot
MUNICIPAL,29723.55,-78.4838380514193,0.1481378495388548,-78.67166882107513,0.0189259523777179,-78.29600728176345,0.2773497466999916,"Bosque siempreverde montano de coordillera occidental de los Andes, Bosque siempreverde montano bajo de coordillera occidental de los Andes,Bosque siempreverde montano alto de coordillera Occidental de los Andes",PICHINCHA,DISTRITO METROPOLITANO DE QUITO,11889420,10.299694939881403,0.3756615393116789,0.2584237943222737,1.453664662896855,0.09707988036987,780075.5420651291,10016389.591753304,759156.7698081576,10002093.62648085,800995.6884655682,10030689.883006742,41838.91865741066,28596.256525892764,1.463090758733603,1196436450.693276,254850.72510724227,3,0,True,Large Area - Multiple Missions or Multi-Robot
PROVINCIAL,7.91,-79.53774428807631,-0.0882909223191266,-79.53904750184412,-0.0927860145701044,-79.53644107430848,-0.0837958300681488,Intervencion,SANTO DOMINGO DE LOS TSACHILAS,LA CONCORDIA,3164,2.068127781905985,0.002606427535639,0.0089901845019556,0.2899192163578865,2.3432264436372063e-05,662730.0434726723,9990237.999812672,662584.9610348598,9989741.000101613,662875.12503482,9990735.000098538,290.16399996029213,993.9999969247727,0.2919154938206304,288423.0150682102,196864.0248921345,1,2,False,Small Area - Short Mission (Low autonomy)
PROVINCIAL,2780.17,-79.61800902383715,-2.7647651406650047,-79.6580212748744,-2.795467148352972,-79.5779967727999,-2.734063132977038,"Bosque siempreverde e stacional piemontano de Coordillera Occidental de los Andes, Bosque semideciduo de tierras bajas de Jama Zapotillo",GUAYAS,NARANJAL,1112068,7.930267355894528,0.0800245020744938,0.0614040153759338,1.303245403111089,0.0049138257558336,653618.1151313992,9694318.623803884,649165.7848760146,9690929.21805195,658070.7056149574,9697707.99248921,8904.920738942805,6778.774437259883,1.3136475953522122,60364449.07097087,99195.69819698892,2,1,False,Medium Area - Standard Mission
MUNICIPAL,22956.87,-80.04296326952544,-4.17138433187808,-80.2409024253397,-4.2697070272357225,-79.84502411371118,-4.073061636520437,"Bosque semideciduo piemontano de Catamayo Alamor,Bosque deciduo piemontano de Catamayo Alamor",LOJA,CELICA,9182748,10.041372517098768,0.3958783116285218,0.1966453907152852,2.013158346480337,0.0778476452658981,606218.9173453555,9538863.99277374,584238.1399772229,9528018.775021026,628206.1130034362,9549704.909566635,43967.97302621335,21686.134545609355,2.0274693460810065,953495378.7441856,259535.75204579224,2,1,False,Medium Area - Standard Mission
MUNICIPAL,12873.9,-79.68224763281128,-3.1895804797989564,-79.76480736777692,-3.260995258891207,-79.59968789784564,-3.1181657007067054,"Bosque siempreverde estacional piemontano de Coordillera Ocidental de los Andes, Bosque semideciduo de tierras bajas Jama Zapotillo",EL ORO,EL GUABO,5149560,9.462957284988873,0.1651194699312839,0.1428295581845016,1.1560595080881615,0.0235839409379443,646420.1294258677,9647358.170539524,637235.5773313912,9639473.980504204,655606.0271737818,9655242.137485458,18370.449842390604,15768.156981252134,1.1650346875815196,289668136.93103355,146463.942605905,2,1,False,Medium Area - Standard Mission
PROVINCIAL,94.89,-78.81260708125751,-0.3060417426984567,-78.81905344349184,-0.312075629913765,-78.8061607190232,-0.3000078554831485,"Bosque siempreverde montano bajo de coordillera occidental de los Andes,Bosque siempreverde montano de coordillera occidental de los Andes",SANTO DOMINGO DE LOS TSACHILAS,SANTO DOMINGO,37956,4.552718325996206,0.0128927244686423,0.0120677744306164,1.0683596610468007,0.0001555864906836,743458.1596893235,9966148.356632965,742740.1890278106,9965481.090156311,744176.1315762395,9966815.628445225,1435.942548428895,1334.5382889118046,1.0759845261530117,1916320.3115559528,193310.2251022785,2,-1,False,Outlier / Not Recommended
MUNICIPAL,588.08,-76.55529931214284,-0.1651362823893777,-76.56852132033792,-0.1802698343802874,-76.54207730394775,-0.1500027303984679,Bosque siempreverde de tierras bajas del Aguarico Putumayo Coqueta,SUCUMBIOS,SHUSHUFINDI,235232,6.376862993067533,0.0264440163901724,0.0302671039818195,0.8736883294935723,0.0008003837937782,326913.4397047485,9981740.70645595,325441.75488991,9980067.247225327,328385.129465227,9983414.143572057,2943.3745753170224,3346.8963467292488,0.8794340398956643,9851169.613184296,379621.5930242407,1,-1,False,Outlier / Not Recommended
PROVINCIAL,80.28,-79.147438893182,-0.1002092147858382,-79.15060597765724,-0.1083308395189855,-79.14427180870675,-0.092087590052691,Sin Informacion,SANTO DOMINGO DE LOS TSACHILAS,SANTO DOMINGO,32112,4.385520523940594,0.0063341689504881,0.0162432494662945,0.3899569832794119,0.0001028874864244,706179.525328264,9988918.039452909,705826.8706578395,9988019.904806191,706532.17668948,9989816.1772947,705.3060316405026,1796.2724885065109,0.3926497990438679,1266921.8206135374,201647.592239882,1,2,False,Small Area - Short Mission (Low autonomy)
MUNICIPAL,16115.68,-79.39608353693151,-4.565485598296867,-79.48947415992868,-4.724327834021752,-79.30269291393437,-4.406643362571983,"Bosque siempreverde montano de Catamayo Alamor, Bosque siempreverde montano alto de Catamayo Alamor, Bosque semideciduo piemontano de Catamayo Alamor",LOJA,ESPINDOLA,6446272,9.687547990070485,0.186781245994311,0.3176844714497688,0.5879457832923961,0.0593375014104319,677936.3176034995,9495167.672558142,667535.7213412179,9477626.037479654,688340.5896828902,9512709.483141895,20804.86834167235,35083.44566224143,0.5930109756597541,729906467.9751489,299067.930537998,3,1,True,Medium Area - Standard Mission
MUNICIPAL,27430.7,-79.95475893687785,-4.330375801109783,-80.14089135370082,-4.456864541963303,-79.76862652005487,-4.203887060256263,"Bosque semideciduo piemontano de Catamayo Alamor, Bosque siempreverde estacional montano bajo Catamayo Alamor",LOJA,MACARA,10972280,10.21941810311026,0.3722648336459571,0.25297748170704,1.4715334727125,0.0941746201438444,615985.7426190422,9521274.331346396,595313.6867888994,9507317.05923408,636665.3202954925,9535228.137836324,41351.63350659318,27911.07860224321,1.481549104421506,1154168693.1336763,275203.80924783443,2,1,False,Medium Area - Standard Mission
MUNICIPAL,22794.82,-78.12374898437957,-1.65342275214409,-78.29329109568647,-1.8587406772242392,-77.95420687307266,-1.448104827063941,"Bosque siempreverde piemontano del Norte de la Coordillera Oriental de los Andes,Bosque siempreverde montano bajo del Nprte de la Coordillera Oriental de los Andes, Bosque siempreverde montano del Norte de la Coordillera Oriental de los Andes",MORONA SANTIAGO,PALORA,9117928,10.034288596147883,0.3390842226138062,0.4106358501602982,0.8257540632550353,0.1392401380289641,820057.496937834,9817014.654734643,801144.0672722524,9794321.733970651,171228.52446419623,9839726.222749433,-629915.5428080561,45404.48877877928,-13.873420002086805,-28600993195.00705,165183.84187241257,3,-1,False,Outlier / Not Recommended
MUNICIPAL,25.11,-78.13451701821715,-2.4299966978159,-78.13762230944688,-2.433150889304237,-78.13141172698742,-2.4268425063275614,Intervencion,MORONA SANTIAGO,SUCUA,10044,3.223266173209318,0.0062105824594596,0.0063083829766754,0.98449658144186,3.917873266249419e-05,818705.0048549845,9731072.622852623,818358.5987466194,9730724.279935138,819051.412555366,9731420.96685941,692.8138087466359,696.6869242712855,0.994440665683951,482674.3215083684,173736.79097133156,1,-1,False,Outlier / Not Recommended
MUNICIPAL,7281.75,-78.9407902762787,-0.0095794652323028,-79.0612196172685,-0.0399272561503979,-78.8203609352889,0.0207683256857922,Bosque siempreverde piemontano de coordillera occidental de los Andes,PICHINCHA,SAN MIGUEL DE LOS BANCOS,2912700,8.893126496918502,0.2408586819796028,0.0606955818361901,3.9683066003279137,0.0146190578430498,729188.1603587293,9998940.492453173,715779.1233089264,9995584.293700896,742598.1561038537,10002297.197235614,26819.032794927363,6712.903534717858,3.9951464602791376,180033580.04678205,217928.1314052992,1,-1,False,Outlier / Not Recommended
MUNICIPAL,26.86,-79.16123401627151,-0.2359185342654194,-79.16298838703715,-0.2396331734474755,-79.15947964550587,-0.2322038950833632,Intervencion,SANTO DOMINGO DE LOS TSACHILAS,SANTO DOMINGO,10744,3.290638191132321,0.0035087415312773,0.0074292783641123,0.4722855823980152,2.606741754358101e-05,704642.260432539,9973910.387557007,704446.8887062502,9973499.621514551,704837.6316009057,9974321.154385844,390.7428946554428,821.5328712910414,0.4756266100964573,321008.1321828588,186736.11392437544,1,2,False,Small Area - Short Mission (Low autonomy)
PROVINCIAL,8.19,-79.29190293977064,-0.1833289375929167,-79.29370505381218,-0.1851201746483258,-79.2901008257291,-0.1815377005375076,Intervención,SANTO DOMINGO DE LOS TSACHILAS,SANTO DOMINGO,3276,2.102913897987078,0.003604228083077,0.0035824741108182,1.006072051189728,1.291205379710744e-05,690095.8200175073,9979727.57482329,689895.1822439671,9979529.520003634,690296.4578357609,9979925.629996425,401.2755917938193,396.1099927891046,1.0130408197160832,158949.27177189346,189251.87125629248,1,2,False,Small Area - Short Mission (Low autonomy)
MUNICIPAL,16608.67,-79.73438787829653,-4.046746210292552,-79.89980165086665,-4.175673703086785,-79.5689741057264,-3.91781871749832,"Bosque semideciduo montano bajo de Catamayo Alamor, Bosque semideciduo piemontano de Catamayo Alamor, Bosque siempreverde estacional montano bajo de Catamayo Alamor",LOJA,PALTAS,6643467,9.717680127155813,0.3308275451402522,0.2578549855884651,1.2829984384527373,0.085305531884407,640493.5529268177,9552595.97686826,622109.1941532696,9538369.0220331,658884.1863954247,9566820.9556038,36774.992242155015,28451.933570699766,1.292530511178515,1046319636.3367938,241409.94154416592,3,1,False,Medium Area - Standard Mission
MUNICIPAL,1448.93,-80.10112788249563,-4.112047904424962,-80.13206997478517,-4.129139065875981,-80.0701857902061,-4.094956742973944,Bosque semideciduo piemontano de Catamayo Alamor,LOJA,PINDAL,579572,7.278580631975703,0.0618841845790711,0.0341823229020361,1.8104147850341124,0.002115345179811,599770.2727442048,9545431.205071973,596333.5333260642,9543545.601968868,603207.1787458621,9547316.706213716,6873.64541979786,3771.104244848713,1.822714243231372,25921233.420184627,254457.6053371696,1,-1,False,Outlier / Not Recommended
PROVINCIAL,15.21,-79.55431810125484,-2.444440340550075,-79.55684564583838,-2.4459940626447225,-79.5517905566713,-2.4428866184554274,Bosque deciduo de tierras bajas del Jama Zapotillo,GUAYAS,NARANJAL,6084,2.721953106336948,0.0050550891670724,0.003107444189295,1.6267669610028237,1.5708407458587784e-05,660739.9055234555,9729727.746373655,660458.6330684614,9729556.25789624,661021.1788221642,9729899.234701484,562.5457537027542,342.97680524364114,1.6401859982965823,192940.14540834684,63879.82804156125,1,3,False,Special Configuration Required
PROVINCIAL,42.5,-80.11505916852097,-2.714775300351629,-80.11859580331361,-2.718912547919161,-80.11152253372833,-2.7106380527840965,Bosque deciduo de tierras bajas del Jama Zapotillo,GUAYAS,GUAYAQUIL,17000,3.749504075953901,0.0070732695852768,0.0082744951350646,0.854827831183903,5.8527734772374045e-05,598365.9011017467,9699897.525350098,597972.4205881277,9699440.457686124,598759.3841570028,9700354.592707548,786.9635688751005,914.1350214257836,0.860883294512452,719390.9588949512,110193.04133937156,1,3,False,Special Configuration Required
PROVINCIAL,79.76,-79.45955613081561,-1.991420357098328,-79.4669019780163,-1.996637988060568,-79.45221028361493,-1.986202726136088,Intervencion,GUAYAS,SIMON BOLIVAR,31904,4.379022125666121,0.0146916944013639,0.01043526192448,1.4078892412857886,0.0001533116791926,671330.7319509448,9779807.27633544,670512.9809853544,9779231.11879936,672148.4894824611,9780383.43418672,1635.5084971067265,1152.315387358889,1.419323663510125,1884621.607372292,20121.10447226625,1,3,False,Special Configuration Required
MUNICIPAL,41715.61,-77.96025874599232,-1.9846705965401088,-78.1441742285116,-2.1204229416631506,-77.77634326347302,-1.8489182514170683,"Bosque siempreverde piemontano de las coordilleras del Condor Kutuku, Bosque siempreverde montano bajo del Sur de la Coordillera Oriental de los Andes,Bosque inundable de la llanura aluvial de los rios de origen andino y de las Coordilleras Amazonicas",MORONA SANTIAGO,HUAMBOYA,16686244,10.63863067826656,0.3678309650385785,0.2715046902460822,1.3547867749555365,0.0998678322257167,170646.39874499064,9780338.528758632,817697.8657812983,9765335.34511526,191100.8009907472,9795396.657683816,-626597.0647905511,30061.31256855465,-20.843968917244688,-18836330219.20765,486091.16984825337,3,-1,False,Outlier / Not Recommended
MUNICIPAL,12094.5,-79.81453983171241,-3.6653373432619096,-79.93958050379416,-3.7563510599576846,-79.68949915963066,-3.5743236265661347,"Bosque siempreverdeestacional piemontano del Catamayo Alamor, Bosque siempreverde piemontano Catamayo Alamor y Bpsque siempreverde estacional tierras bajas de Jama Zapotillo",EL ORO,PINAS,4837800,9.40050608279327,0.2500813441635046,0.1820274333915499,1.373866225162342,0.0455216652171916,631653.3874498241,9594777.471303953,617753.0424443029,9584732.980929537,645556.8387645623,9604820.91020713,27803.79632025934,20087.92927759327,1.384104649913877,558520694.1299776,200248.1944600909,2,1,False,Medium Area - Standard Mission
PROVINCIAL,21.71,-80.09200257015361,-1.8120273551403765,-80.0958258433718,-1.814584871293455,-80.08817929693542,-1.8094698389872976,Intervencion,GUAYAS,ISIDRO AYORA,8684,3.077772983936262,0.0076465464363764,0.0051150323061572,1.4949162554174935,3.911233205259721e-05,600991.4414193552,9799690.557051392,600566.023533893,9799408.049140912,601416.8607504788,9799973.0646571,850.8372165857581,565.0155161879957,1.505865223533359,480736.2291211596,55915.722278458044,1,3,False,Special Configuration Required
PROVINCIAL,19.73,-79.2746410016353,-2.360726107490648,-79.27806707696637,-2.3650227668963484,-79.27121492630425,-2.356429448084948,Bosque siempreverde estacional piemontano de coordillera occidental de los Andes,GUAYAS,EL TRIUNFO,7892,2.9821403200852084,0.0068521506621124,0.0085933188114002,0.7973810835041989,5.8882715183279294e-05,691856.5013576949,9738948.336821768,691474.8244464474,9738473.675858345,692238.1802300938,9739422.99853537,763.3557836463442,949.3226770255716,0.8041057083322766,724670.9560541004,64950.12590856684,1,3,False,Special Configuration Required
PROVINCIAL,129.84,-80.05624286491789,-2.27677464333719,-80.08040956265275,-2.323130316264576,-80.03207616718304,-2.230418970409804,"Bosque semideciduo de tierras bajas de Jama Zapotillo, Manglar de Jama Zapotillo",GUAYAS,GUAYAQUIL,51936,4.866302923214038,0.0483333954697116,0.0927113458547719,0.5213320387354922,0.0044810541437278,604938.9548152603,9748312.327417586,602248.2575947618,9743189.62375091,607629.7743574169,9753435.05427861,5381.516762655112,10245.430527700111,0.5252601877592963,55135956.12543656,68585.89322165542,2,-1,True,Outlier / Not Recommended
PROVINCIAL,141.54,-80.18854583863312,-1.9247366567105115,-80.1954280328769,-1.9327233067227048,-80.18166364438933,-1.9167500066983183,Bosque deciduo de tierras bajas de Jama Zapotillo,GUAYAS,SAN ISIDRO,56616,4.952582362654704,0.0137643884875728,0.0159733000243864,0.8617122075492584,0.0002198627069642,590246.9595744023,9787236.500071518,589481.0791009611,9786354.000394296,591012.8467402546,9788118.99959547,1531.7676392934518,1764.9992011748254,0.8678574122146928,2703568.6597383907,66605.58558749413,1,3,False,Special Configuration Required
PROVINCIAL,9.99,-80.00213275719446,0.4991612826856127,-80.00421731281132,0.4961639397548448,-80.00004820157758,0.5021586256163806,Bosque siempreverde de tierras bajas del Choco Ecuatorial,ESMERALDAS,MUISNE,3996,2.3015845927605625,0.004169111233736,0.0059946858615357,0.6954677250094092,2.499251216804776e-05,611039.1054319034,10055180.758073073,610807.1700105309,10054849.375833746,611271.0404891684,10055512.140811631,463.8704786375165,662.7649778872728,0.6999019171403993,307437.10751675226,265639.47063966776,1,2,False,Small Area - Short Mission (Low autonomy)
PROVINCIAL,16.99,-79.9938649492318,0.4818528692969692,-79.99682609653526,0.4793331451017825,-79.99090380192834,0.484372593492156,Bosque siempreverde de tierras bajas del Choco Ecuatorial,ESMERALDAS,MUISNE,6795,2.832624935742699,0.0059222946069183,0.0050394483903735,1.1751868404971622,2.9845098024152665e-05,611959.5000779722,10053267.500181835,611630.0000141832,10052988.903177964,612288.9999854299,10053546.097840017,658.9999712466961,557.1946620512754,1.1827104890406674,367191.266270603,263597.4272743928,1,2,False,Small Area - Short Mission (Low autonomy)
PROVINCIAL,34.82,-79.79471819048015,0.7893691554423032,-79.79928413613985,0.7849763395474612,-79.79015224482046,0.7937619713371454,"Bosque siempreverde estacional de tierras bajas del Choco Ecuatorial, Bosque siempreverde estacional piemontano de coordillera costera del Choco",ESMERALDAS,ATACAMES,13928,3.5501919343687622,0.0091318913193845,0.0087856317896842,1.0394119055495703,8.022943467552656e-05,634115.0004953452,10087268.500535486,633607.00008409,10086782.70715022,634622.9999133621,10087754.296127832,1015.9998292720412,971.5889776144176,1.0457095054388343,987134.2353788454,294653.93571306043,2,-1,False,Outlier / Not Recommended
PROVINCIAL,6.2,-79.26444549122084,-0.2809635052006711,-79.26690649709818,-0.2831911969760448,-79.2619844853435,-0.2787358134252976,Intervención,SANTO DOMINGO DE LOS TSACHILAS,SANTO DOMINGO,2480,1.8245492922123363,0.0049220117546724,0.0044553835507472,1.1047333173175764,2.1929450208351976e-05,693151.1950174009,9968930.739706634,692877.1869104924,9968684.44001093,693425.2032970206,9969177.03998918,548.0163865282666,492.59997824952006,1.1124977887221172,269952.8600842047,179234.86256847193,1,2,False,Small Area - Short Mission (Low autonomy)
MUNICIPAL,11859.17,-79.45913805519078,-3.740160878923122,-79.54555686636873,-3.813223358216893,-79.37271924401283,-3.667098399629353,"Bosque siempreverde montano del Catamayo Alamor, Bosque siempreverde montano bajo del Catamayo Alamor",EL ORO,PORTOVELO,4743668,9.380856686966274,0.1728376223558996,0.1461249585875399,1.1828069813929136,0.0252558904091246,671117.1983595598,9586443.83239453,661504.5082368858,9578381.655099882,680731.5927457963,9594505.70571224,19227.084508910542,16124.050612358376,1.19244754132517,310018483.7497653,207538.0082585515,2,1,False,Medium Area - Standard Mission
MUNICIPAL,2096.12,-78.48425163749555,-2.943203627919284,-78.52722188038535,-3.0116045526756863,-78.44128139460574,-2.8748027031628816,"Bosque siempreverde montano del Sur de la Cordillera Oriental de los Andes, Bosque siempreverde piemontano del Sur de la Cordillera Oriental de los Andes",MORONA SANTIAGO,LIMON INDAZA,838448,7.647843295710979,0.0859404857796164,0.1368018495128047,0.6282114273854239,0.0117568174026804,779663.0156399792,9674369.290478785,774866.2581870954,9666812.363247355,784460.1194930649,9681926.524877995,9593.861305969534,15114.161630639806,0.6347597399329106,145003170.44036463,171287.646488184,2,1,False,Medium Area - Standard Mission
MUNICIPAL,28984.74,-80.08588172628427,-3.956775339829506,-80.29579664881005,-4.041637646432666,-79.87596680375849,-3.871913033226346,"Bosque siempreverde estacional piempontano de Catamayo Alamor,Bosque deciduo de tierras bajas de Jama Zapotillo,Bosque siempreverde estacional montano bajo de Catamayo Alamor",LOJA,PUYANGO,11593896,10.274524763576656,0.4198298450515665,0.1697246132063203,2.473594339953624,0.0712554580638465,601481.9304666873,9562594.599350853,578168.5887458606,9553236.31295079,624801.1554523243,9571948.065740371,46632.566706463695,18711.752789583057,2.492153847416252,872577060.15509,237354.95864748416,3,1,False,Medium Area - Standard Mission
PROVINCIAL,899.65,-79.60741179422126,0.8998538853435754,-79.62798381769554,0.8829318362661832,-79.58683977074698,0.9167759344209676,"Bosque siempreverde estacional de tierras bajas del Choco Ecuatorial, Bosque siempreverde estacional piemontano de coordillera costera del Choco,Bosque semideciduo de tierras bajas de Jama Zapotillo",ESMERALDAS,ESMERALDAS,359860,6.802005798799639,0.0411440469485597,0.0338440981547844,1.2156933697773846,0.0013924831634121,654956.5707888361,10099490.552093666,652667.726732892,10097618.74528369,657245.4003971978,10101362.404858664,4577.673664305825,3743.659574974328,1.222780429851449,17137251.84448632,306024.06982208113,3,-1,False,Outlier / Not Recommended
PROVINCIAL,2.7,-79.38833400927697,0.1807928120995608,-79.39000492915092,0.1803133461456317,-79.38666308940304,0.1812722780534899,Intervencion,ESMERALDAS,QUININDE,1080,0.9932517733806538,0.0033418397478754,0.0009589319078582,3.48495678945837,3.204596765186621e-06,679360.999934284,10019991.00003521,679175.0000029132,10019937.96706052,679546.9999970484,10020044.03311466,371.9999941352289,106.06605413928628,3.507248357171938,39456.57151776137,227664.95679191127,1,2,False,Small Area - Short Mission (Low autonomy)
PROVINCIAL,91.8,-79.63336353164317,-1.0094128256011676,-79.69462528457655,-1.0374456179627634,-79.57210177870978,-0.9813800332395718,"Bosque semideciduo de tierras bajas de Jama Zapotillo, Bosque siempreverde estacional de tierras bajas de Jama Zapotillo",GUAYAS,EL EMPALME,36720,4.519612297637338,0.1225235058667664,0.0560655847231915,2.1853603112556885,0.0068693519987556,652063.4888043373,9888397.48492677,645244.513864525,9885301.001025738,658882.7194408372,9891493.99883899,13638.205576312146,6192.997813252732,2.2021977057903697,84461377.31079234,95033.24437451482,2,-1,False,Outlier / Not Recommended
PROVINCIAL,14983.43,-80.38628536115576,-1.405646502368278,-80.45718940743504,-1.4970370701433318,-80.31538131487646,-1.314255934593224,"Bosque siempreverde estacional montano bajo de Cordillera Costera del Pacífico Ecuatorial, Bosque siempreverde estacional piemontano de Cordillera Costera del Pacífico Ecuatorial",MANABI,24 DE MAYO,5993372,9.614700202823816,0.1418080925585769,0.1827811355501076,0.7758354895648745,0.0259198441880514,568271.9736281754,9844624.544594368,560381.6583334611,9834524.57296204,576162.8349867654,9854724.538177252,15781.176653304254,20199.96521521173,0.7812477142989999,318779219.45185745,102036.8524289958,2,-1,False,Outlier / Not Recommended
PROVINCIAL,21319.17,-78.50352031018942,-1.7604497413523967,-78.57679017885506,-1.8658164618044488,-78.43025044152377,-1.6550830209003446,"Herbazal del Páramo, Herbazal y Arbustal siempreverde subnival del Páramo, Bosque siempreverde montano alto del Norte de la Cordillera Oriental de los Andes, Arbustal siempreverde y Herbazal del Páramo",CHIMBORAZO,"PENIPE, RIOBAMBA, CHAMBO",8527668,9.9673619469404,0.1465397373312953,0.2107334409041041,0.6953796037649275,0.0308808230770074,777753.7694111036,9805230.809386602,769581.3289334818,9793584.795829274,785926.6520886464,9816877.796772908,16345.323155164602,23293.00094363466,0.701726806035726,380731627.67726254,121762.86124255946,4,-1,True,Outlier / Not Recommended
PROVINCIAL,13280.0,-80.78825133964133,-1.625341789277526,-80.85437171103816,-1.7116245752507708,-80.72213096824453,-1.5390590033042812,"Bosque siempreverde estacional piemontano de Cordillera Costera del Pacífico Ecuatorial, Bosque siempreverde estacional de tierras bajas del Jama-Zapotillo, Bosque semideciduo de tierras bajas del Jama-Zapotillo,Bosque semideciduo de Cordillera",MANABI,PUERTO LOPEZ,5312000,9.4940144230305,0.1322407427936269,0.1725655719464895,0.766321697518619,0.0228201994148108,523552.9617733011,9820349.17880194,516197.618122206,9810812.87690439,530908.9082471489,9829885.31355828,14711.290124942898,19072.436653887853,0.7713377368561494,280580149.0049393,135695.85528070302,4,-1,False,Outlier / Not Recommended
PROVINCIAL,4911.86,-80.41052764960834,-1.0389589850615368,-80.46200719934095,-1.081851170511547,-80.35904809987574,-0.9960667996115268,"Bosque deciduo de tierras bajas del Jama-Zapotillo,Bosque semideciduo de Cordillera Costera del Pacífico Ecuatorial",MANABI,PORTOVIEJO,1964743,8.499407967792338,0.1029590994652096,0.0857843709000202,1.2002081169890266,0.0088322815760556,565583.9664102407,9885157.571618153,559855.4138717338,9880417.491686173,571312.6902226318,9889897.645126024,11457.27635089797,9480.153439851478,1.2085538935197084,108616737.80929436,129163.27291041588,2,1,False,Medium Area - Standard Mission
PROVINCIAL,22262.55,-80.44241360611477,-0.7519266130902116,-80.50790796222688,-0.8986927183624085,-80.37691925000264,-0.6051605078180148,"Bosque deciduo de tierras bajas del Jama-Zapotillo,Bosque semideciduo de tierras bajas del Jama-Zapotillo,Bosque semideciduo de Cordillera Costera del Pacífico Ecuatorial",MANABI,"SUCRE, ROCAFUERTE",8905020,10.010661173524694,0.1309887122242372,0.2935322105443937,0.44624987334457,0.0384494062555438,562041.0837345042,9916885.50709856,554751.5100144782,9900663.68279264,569330.8214688635,9933107.574468171,14579.311454385286,32443.89167553,0.4493699954429609,473009601.52989,155451.18906439497,3,-1,False,Outlier / Not Recommended
MUNICIPAL,11494.17,-80.17224113357418,-0.9646823536750224,-80.28054116804631,-1.022328424381058,-80.06394109910204,-0.9070362829689866,"Bosque siempreverde estacional piemontano de Cordillera Costera del Pacífico Ecuatorial, Bosque siempreverde estacional montano bajo de Cordillera Costera del Pacífico Ecuatorial",MANABI,JUNIN,4597668,9.349595229283786,0.2166000689442739,0.1152921414120713,1.878706253632732,0.0249722857785876,592099.093011599,9893362.312437024,580047.2128870101,9886992.904403456,604151.6173985262,9899731.684893698,24104.4045115161,12738.780490241945,1.8922065993662789,307060717.9202012,118884.67154086167,2,-1,False,Outlier / Not Recommended
PROVINCIAL,1128.75,-80.4808670628423,-2.5355962436106747,-80.5143889848276,-2.573443304253287,-80.447345140857,-2.4977491829680627,"Bosque deciduo de tierras bajas de Jama Zapotillo, Bosque deciduo de coordillera costera del Pacifico Ecuatorial",GUAYAS,PLAYAS,451500,7.0288661047320815,0.0670438439706089,0.0756941212852244,0.8857206074466355,0.0050748248569389,557711.110790253,9719727.027060924,553982.8637663088,9715545.001193555,561439.569212218,9723908.998499649,7456.705445909291,8363.997306089848,0.8915241329022371,62367864.261890806,123325.82491945666,2,1,False,Medium Area - Standard Mission
PROVINCIAL,18.76,-80.22331298713809,-2.303537538661072,-80.22559578615973,-2.30901268144493,-80.22103018811644,-2.298062395877214,Bosque deciduo de tierras bajas de Jama Zapotillo,GUAYAS,GUAYAQUIL,7504,2.9317269436313835,0.0045655980432854,0.0109502855677159,0.416938681472133,4.999460236138121e-05,586359.1003413566,9745364.984946918,586104.9333212767,9744759.889958048,586613.2686547381,9745970.080139436,508.3353334614076,1210.1901813875884,0.4200458252587513,615182.4294073811,85101.97044409438,1,3,False,Special Configuration Required
PROVINCIAL,75.59,-80.16816665830592,-2.2115513209261204,-80.17230710391668,-2.2185916104374366,-80.16402621269516,-2.204511031414804,"Bosque deciduo de tierras bajas de Jama Zapotillo,Bosque semideciduo de tierras bajas de Jama Zapotillo",GUAYAS,GUAYAQUIL,30236,4.325323999317314,0.008280891221517,0.0140805790226323,0.5881072518466448,0.0001165997432223,592497.0026192045,9755529.999855584,592036.1325311767,9754752.000485154,592957.8761470646,9756307.999508234,921.7436158879428,1555.999023079872,0.5923805877865488,1434232.1658517478,74455.23562990771,2,1,False,Medium Area - Standard Mission
PROVINCIAL,66.94,-79.93812961805438,-1.3136027961938823,-79.94320864497156,-1.3192963355769405,-79.93305059113719,-1.3079092568108244,Bosque semideciduo de tierras bajas de Jama Zapotillo,GUAYAS,BALZAR,26776,4.203796695798119,0.0101580538343739,0.0113870787661161,0.8920683830283429,0.0001156705591224,618135.5437398405,9854782.06884726,617570.1588607231,9854152.890226008,618700.930953709,9855411.248371616,1130.7720929858042,1258.3581456076354,0.8986091097609409,1422916.2740344813,72357.00502626963,1,3,False,Special Configuration Required
PROVINCIAL,8.56,-80.249189806244,-1.8181161584639176,-80.25203122165564,-1.819153164438688,-80.24634839083237,-1.8170791524891483,Intervencion,GUAYAS,PEDRO CARBO,3424,2.147100190270473,0.0056828308232752,0.0020740119495397,2.740017040171544,1.1786259034685473e-05,583507.0000902902,9799025.500174245,583190.9051477128,9798911.000039311,583823.0955729047,9799139.999960136,632.1904251918895,228.99992082454264,2.76065783303701,144771.55731497664,73264.03234194717,1,3,False,Special Configuration Required
PROVINCIAL,12.27,-80.15037930320632,-1.8750570658949048,-80.15307659821642,-1.876529778746686,-80.14768200819623,-1.8735843530431235,Intervencion,GUAYAS,SAN ISIDRO,4908,2.50715725880432,0.0053945900201881,0.0029454257035623,1.831513924167123,1.588936410564329e-05,594494.7074260139,9792726.187767908,594194.6138520617,9792563.534476168,594794.8016501106,9792888.84082298,600.1877980489517,325.3063468132168,1.844992585993781,195244.8999851732,62069.90585511584,1,3,False,Special Configuration Required
MUNICIPAL,11487.22,-79.71870734997125,-3.5606330511878803,-79.83138253191616,-3.641010267852792,-79.60603216802635,-3.4802558345229686,"Bosque siempreverde estacional piemontano del Catamayo-Alamor, Bosque siempreverde montano bajo del Catamayo-Alamor, Bosque siempreverde montano del Catamayo-Alamor",EL ORO,ATAHUALPA,4594888,9.34899039204706,0.2253503638898166,0.1607544333298234,1.4018298458097918,0.0362260700477769,642314.2561358626,9606339.143038774,629786.1262959397,9597469.46951591,654844.8305466163,9615208.052504675,25058.70425067668,17738.582988766953,1.412666629941287,444505904.9415954,187673.01071823665,3,1,False,Medium Area - Standard Mission
MUNICIPAL,19060.8,-78.46451744413773,-0.5397370935758125,-78.60848151850207,-0.6722658455539924,-78.32055336977336,-0.4072083415976326,"Herbazal de paramo, Bosque siempreverde montano alto del norte de la coordillera oriental de los andes, Arbustal siempreverde,Herbazal humedo montano alto superior del paramo",PICHINCHA,MEJIA,7624320,9.855389149045148,0.2879281487287102,0.2650575039563598,1.086285592162787,0.0763175164208074,782216.0228271245,9940283.964750202,766175.7356850407,9925629.18445167,798257.3008261371,9954941.643202491,32081.56514109636,29312.45875082165,1.0944685812204682,940389554.8601848,193244.76272284176,4,0,True,Large Area - Multiple Missions or Multi-Robot
MUNICIPAL,10623.22,-79.37886834544881,-4.352299848051376,-79.44965628532918,-4.4573368539001645,-79.30808040556842,-4.247262842202588,"Bosque siempreverde montano de Catamayo Alamor, Arbustal semideciduo del sur de los Valles,Bosque siempreverde montano alto de Catamayo Alamor",LOJA,QUILANGA,4249288,9.270797450346327,0.1415758797607651,0.2100740116975767,0.6739333339844288,0.0297414130209577,679898.5217570398,9518737.637471866,672017.0214976689,9507139.48213436,687781.8760220448,9530335.833467511,15764.85452437587,23196.351333152503,0.6796264765072717,365687104.2634615,275722.5532515486,3,1,True,Medium Area - Standard Mission
MUNICIPAL,10197.6,-79.08825187114331,-3.180604556581689,-79.1548943964827,-3.24459292204153,-79.02160934580392,-3.116616191121848,"Herbazal de paramo,Arbustal siempreverde montano del sur de los Andes y Bosque siempreverde montano alto y dels ur de la Cordillera Oriental de los Andes",AZUAY,GIRON,4079040,9.229907677468807,0.1332850506787792,0.1279767309196819,1.0414787803960237,0.0170573850663343,712443.6470851654,9648247.305945445,705022.59019722,9641184.256040707,719865.6437896334,9655310.418657942,14843.053592413433,14126.162617234511,1.0507491662529234,209675388.78275907,155604.61077594312,2,1,True,Medium Area - Standard Mission
MUNICIPAL,17741.28,-78.25398467518872,-2.457146539909568,-78.32122053127505,-2.574538142667792,-78.18674881910239,-2.339754937151344,"Bosque siempreverde piemontano del sur de la coordillera orientaal de los Andes, Bosque siempreverde montano del sur de la coordillera oriental de los Andes, Bosque siempreverde montano bajo del sur de la coordillera oriental de los Andes",MORONA SANTIAGO,SUCUA,7096512,9.783649406586518,0.1344717121726546,0.2347832055164476,0.5727484268055361,0.0315716996351809,805400.9827663839,9728095.866510663,797891.060126272,9715121.280416992,812911.3655996879,9741071.523535518,15020.30547341588,25950.24311852455,0.5788117438750727,389780578.7496471,162565.2507667416,3,1,False,Medium Area - Standard Mission
PROVINCIAL,7.25,-79.14591639700818,-0.2542040168481401,-79.14777894269596,-0.2559022949131363,-79.1440538513204,-0.2525057387831439,Intervencion,SANTO DOMINGO DE LOS TSACHILAS,SANTO DOMINGO,2900,1.9810014690045143,0.0037250913755713,0.0033965561299924,1.0967256645495154,1.2652481946478557e-05,706347.3250072869,9971887.999816284,706139.9361156417,9971700.220007785,706554.7139926902,9972075.779992288,414.7778770484729,375.5599845051765,1.1044251095969766,155773.9730774145,185233.64074436968,1,2,False,Small Area - Short Mission (Low autonomy)
MUNICIPAL,4631.16,-77.85462333961402,0.6456848759767353,-77.91643379933586,0.5813603317835059,-77.79281287989217,0.7100094201699647,"Arbustal siempreverde, Herbazal de páramo, Rosetal Caulescente y Frailejones, Bosque siempreverde montano alto de la coordillera Occidental de los Andes",CARCHI,MONTUFAR,1852464,8.440562655657406,0.1236209194436952,0.1286490883864588,0.9609156196383242,0.0159037185919272,182239.5860144469,10071456.869817149,175349.39148357278,10064341.6977223,189129.63224985,10078571.35655738,13780.240766277188,14229.65883507952,0.9684168064735762,196088124.7693792,549778.42389813,4,-1,True,Outlier / Not Recommended
PROVINCIAL,20942.18,-80.47469498783786,-1.8391912417652825,-80.57121321676361,-1.947434763185521,-80.37817675891213,-1.7309477203450438,"Bosque siempreverde estacional montano bajo de Cordillera Costera del Pacífico Ecuatorial,Bosque siempreverde estacional piemontano de Cordillera Costera del Pacífico Ecuatorial",MANABI,PAJAN,8376872,9.949520585978124,0.1930364578514769,0.216487042840477,0.8916767231286129,0.0417898919206666,558424.2068107929,9796704.810368417,547686.3068582984,9784743.049861483,569163.3601706496,9808666.347268282,21477.05331235123,23923.29740679823,0.8977463661111885,513801933.8130395,98189.2181858374,2,-1,False,Outlier / Not Recommended
PROVINCIAL,180034.81,-80.66796857818234,-1.3266525802521203,-80.90820256899651,-1.7851504913529868,-80.42773458736816,-0.8681546691512544,"Bosque deciduo de Cordillera Costera del Pacífico, Bosque bajo y Arbustal deciduo de tierras bajas del Jama-Zapotillo, Bosque siempreverde estacional montano bajo de Cordillera Costera del Pacífico Ecuatorial,Bosque semideciduo de Cordillera Costera",MANABI,"JIPIJAPA, PAJAN, PUERTO LOPEZ, MONTECRISTI, MANT",72013924,12.10090550006402,0.480467981628351,0.9169958222017324,0.5239587460178121,0.4405871318548966,536937.1546849617,9853362.288086032,510209.8357389829,9802686.338087674,563672.6170410047,9904037.932653788,53462.78130202182,101351.59456611425,0.5274981763325504,5418538134.899348,133778.41699419718,4,-1,False,Outlier / Not Recommended
MUNICIPAL,2467.91,-79.83626504733401,-3.7691274867417857,-79.88126326719083,-3.815689005878899,-79.79126682747719,-3.722565967604672,"Bosque siempreverde estacional piemontano del Catamayo-Alamor, Bosque siempreverde piemontano del Catamayo-Alamor",EL ORO,BALSAS,987164,7.811126917586038,0.0899964397136443,0.0931230382742271,0.966425069618103,0.0083807418999978,629225.2083208594,9583305.857945375,624221.1528259699,9578164.750054205,634229.790552441,9588446.866264736,10008.637726471175,10282.116210533306,0.9734025099052136,102909976.21270452,211935.0205226584,2,1,False,Medium Area - Standard Mission
PROVINCIAL,47.92,-80.17847330310937,-1.7583619562108803,-80.21214614919353,-1.7864933579865656,-80.14480045702523,-1.7302305544351952,Bosque semideciduo de tierras bajas de Jama Zapotillo,GUAYAS,PEDRO CARBO,19168,3.869532953828062,0.0673456921683026,0.0562628035513703,1.1969842723857311,0.0037890574484962,591375.7415788708,9805627.457284434,587628.8555339684,9802519.381124498,595122.7496613058,9808735.517616786,7493.894127337378,6216.13649228774,1.2055549514772923,46583068.75428267,66308.32534961132,1,3,False,Special Configuration Required
MUNICIPAL,306.73,-79.79390973855342,-2.0694872366913586,-79.80386829082454,-2.0796836390747977,-79.7839511862823,-2.05929083430792,Agua e Intervencion,GUAYAS,SAN JACINTO DE YAGUACHI,122692,5.725967881794689,0.0199171045422446,0.0203928047668777,0.9766730860838284,0.0004061656244514,634130.6468840182,9771207.495841663,633022.1308521868,9770081.064187082,635239.1769283228,9772333.92868275,2217.0460761359427,2252.8644956685603,0.9841009436641808,4994704.390187961,31602.722400067527,1,3,False,Special Configuration Required
MUNICIPAL,42887.91,-78.94896045057621,-1.472002669984411,-79.04701740671479,-1.7580359931224,-78.85090349443763,-1.185969346846422,"Herbazal húmedo montano alto superior del Páramo, Arbustal siempreverde y Herbazal del Páramo , Bosque siempreverde montano alto de Cordillera Occidental de los Andes",BOLIVAR,"GUARANDA, SAN MIGUEL",17155164,10.666345247016109,0.1961139122771555,0.572066646275978,0.3428165463080139,0.1121902280844537,728203.5452648626,9837194.157733828,717258.7364714355,9805569.959671956,739146.1612380163,9868821.70264954,21887.424766580807,63251.74297758564,0.34603670564994,1384417765.7770116,83931.63005748694,3,-1,True,Outlier / Not Recommended
PROVINCIAL,41888.22,-77.67328756032397,-0.8404066789082882,-77.79833078538267,-0.9570230221388216,-77.54824433526527,-0.7237903356777549,"Bosque siempreverde montano bajo del Norte de la Cordillera Oriental de los Andes, Bosque siempreverde piemontano de Galeras",NAPO,"TENA, ARCHIDONA",16755288,10.6427599207967,0.2500864501174078,0.2332326864610667,1.0722615806549605,0.0583283346083945,202453.15286050545,9907007.875648543,188534.37505902743,9894092.986733636,216372.5583744297,9919919.664292216,27838.18331540225,25826.677558580413,1.0778848054403525,718967784.3035469,468085.3097167469,2,-1,False,Outlier / Not Recommended
